,Episode,Duration,Slots,Score,Epsilon,min_loss,success_rate
0,0,0.20699999999999907,345,-533.2,0.999,99999,"[2, 1, 0, 20]"
1,1,0.20699999999999635,345,-511.79999999999995,0.998001,888272.375,"[6, 1, 1, 20]"
2,2,0.20700000000000757,345,-491.49999999999994,0.997002999,979621.0,"[4, 2, 0, 20]"
3,3,0.2070000000000155,345,-415.9,0.996005996001,540065.375,"[5, 4, 1, 20]"
4,4,0.20880000000000876,348,-506.70000000000005,0.995009990004999,600948.875,"[4, 3, 1, 20]"
5,5,0.2105999999999768,351,-586.3,0.994014980014994,525498.0,"[6, 0, 1, 20]"
6,6,0.208799999999977,348,-514.9,0.993020965034979,428772.4375,"[3, 3, 0, 20]"
7,7,0.208799999999977,348,-463.8,0.9920279440699441,649820.4375,"[2, 3, 1, 20]"
8,8,0.208799999999977,348,-440.5,0.9910359161258742,631324.125,"[3, 1, 1, 20]"
9,9,0.21239999999997683,354,-475.29999999999995,0.9900448802097482,506078.375,"[5, 2, 1, 20]"
10,10,0.2069999999999772,345,-502.9,0.9890548353295385,551996.75,"[5, 4, 1, 20]"
11,11,0.208799999999977,348,-482.6,0.988065780494209,556584.4375,"[5, 4, 0, 20]"
12,12,0.208799999999977,348,-486.5,0.9870777147137147,555291.625,"[2, 2, 1, 20]"
13,13,0.208799999999977,348,-523.3,0.986090636999001,489970.8125,"[3, 2, 1, 20]"
14,14,0.2069999999999772,345,-480.1,0.9851045463620021,389044.5625,"[6, 4, 1, 20]"
15,15,0.2069999999999772,345,-471.2,0.98411944181564,432239.0,"[2, 3, 1, 20]"
16,16,0.2051999999999774,342,-456.9,0.9831353223738244,340953.625,"[5, 3, 1, 20]"
17,17,0.2105999999999768,351,-495.59999999999997,0.9821521870514506,401098.5625,"[3, 1, 1, 20]"
18,18,0.2069999999999772,345,-497.0,0.9811700348643991,477914.125,"[3, 1, 1, 20]"
19,19,0.207000000000098,345,-420.7,0.9801888648295347,350106.46875,"[8, 4, 1, 20]"
20,20,0.21060000000013268,351,-533.3,0.9792086759647052,391376.90625,"[3, 4, 1, 20]"
21,21,0.20880000000013155,348,-455.4,0.9782294672887405,290299.6875,"[4, 1, 0, 20]"
22,22,0.20880000000013155,348,-441.1,0.9772512378214517,478444.0625,"[7, 2, 1, 20]"
23,23,0.2070000000001304,345,-424.29999999999995,0.9762739865836303,370003.71875,"[4, 4, 1, 20]"
24,24,0.20880000000013155,348,-465.9,0.9752977125970467,394836.4375,"[6, 3, 1, 20]"
25,25,0.2070000000001304,345,-467.70000000000005,0.9743224148844496,361114.53125,"[5, 0, 1, 20]"
26,26,0.2070000000001304,345,-437.7,0.9733480924695651,211309.15625,"[5, 3, 1, 20]"
27,27,0.20880000000013155,348,-473.6,0.9723747443770956,353199.4375,"[6, 1, 1, 20]"
28,28,0.20880000000013155,348,-463.1,0.9714023696327185,381941.71875,"[5, 2, 1, 20]"
29,29,0.2070000000001304,345,-488.40000000000003,0.9704309672630859,196236.78125,"[3, 4, 1, 20]"
30,30,0.2070000000001304,345,-487.20000000000005,0.9694605362958227,309321.4375,"[5, 4, 1, 20]"
31,31,0.21420000000013495,357,-456.2,0.9684910757595269,356470.75,"[7, 3, 1, 20]"
32,32,0.20880000000013155,348,-525.8,0.9675225846837673,312363.625,"[4, 3, 1, 20]"
33,33,0.20880000000013155,348,-462.4,0.9665550620990835,280000.8125,"[6, 2, 1, 20]"
34,34,0.20880000000013155,348,-525.9000000000001,0.9655885070369844,361693.375,"[4, 2, 1, 20]"
35,35,0.21060000000013268,351,-485.4,0.9646229185299474,312777.625,"[0, 3, 1, 20]"
36,36,0.2070000000001304,345,-402.9,0.9636582956114175,237780.4375,"[2, 2, 1, 20]"
37,37,0.21060000000013268,351,-468.50000000000006,0.9626946373158061,177839.75,"[2, 1, 1, 20]"
38,38,0.2070000000001304,345,-455.6,0.9617319426784903,348435.875,"[1, 4, 1, 20]"
39,39,0.20880000000013155,348,-494.8,0.9607702107358118,222449.75,"[3, 2, 1, 20]"
40,40,0.20520000000012928,342,-457.5,0.959809440525076,265455.125,"[7, 2, 1, 20]"
41,41,0.21240000000013382,354,-470.4,0.9588496310845509,266467.53125,"[3, 4, 1, 20]"
42,42,0.20880000000013155,348,-466.8,0.9578907814534664,262125.171875,"[5, 2, 1, 20]"
43,43,0.2070000000001304,345,-496.3,0.9569328906720129,246944.921875,"[5, 4, 1, 20]"
44,44,0.20520000000012928,342,-404.4,0.9559759577813409,212782.5,"[3, 2, 1, 20]"
45,45,0.20880000000013155,348,-413.5,0.9550199818235596,228460.90625,"[8, 1, 1, 20]"
46,46,0.21060000000013268,351,-494.29999999999995,0.9540649618417361,206922.203125,"[5, 2, 1, 20]"
47,47,0.20880000000013155,348,-414.9,0.9531108968798944,141578.296875,"[2, 4, 1, 20]"
48,48,0.21060000000013268,351,-478.6,0.9521577859830145,180920.171875,"[3, 0, 0, 20]"
49,49,0.20880000000013155,348,-472.79999999999995,0.9512056281970315,193411.625,"[7, 4, 1, 20]"
50,50,0.21420000000013495,357,-468.90000000000003,0.9502544225688344,202336.375,"[3, 2, 1, 20]"
51,51,0.21060000000013268,351,-459.1,0.9493041681462656,212410.859375,"[5, 1, 0, 20]"
52,52,0.2070000000001304,345,-429.90000000000003,0.9483548639781193,191624.96875,"[2, 1, 1, 20]"
53,53,0.21060000000013268,351,-468.99999999999994,0.9474065091141411,213704.421875,"[4, 5, 1, 20]"
54,54,0.2070000000001304,345,-427.20000000000005,0.946459102605027,154372.0625,"[5, 0, 1, 20]"
55,55,0.21240000000013382,354,-398.6,0.9455126435024219,192232.171875,"[5, 4, 1, 20]"
56,56,0.2070000000001304,345,-470.9,0.9445671308589195,248605.046875,"[4, 1, 1, 20]"
57,57,0.20880000000013155,348,-492.2,0.9436225637280606,200260.40625,"[1, 3, 1, 20]"
58,58,0.21060000000013268,351,-483.8,0.9426789411643326,182699.625,"[2, 3, 1, 20]"
59,59,0.20880000000013155,348,-498.70000000000005,0.9417362622231683,184018.09375,"[2, 3, 1, 20]"
60,60,0.21060000000013268,351,-461.6,0.9407945259609451,184234.6875,"[3, 2, 1, 20]"
61,61,0.20880000000013155,348,-490.20000000000005,0.9398537314349842,228878.0,"[5, 4, 1, 20]"
62,62,0.21600000000013608,360,-466.4,0.9389138777035492,154466.34375,"[3, 1, 1, 20]"
63,63,0.21060000000013268,351,-488.5,0.9379749638258457,129683.703125,"[2, 1, 0, 20]"
64,64,0.21060000000013268,351,-457.29999999999995,0.9370369888620198,135303.46875,"[6, 2, 1, 20]"
65,65,0.21060000000013268,351,-454.79999999999995,0.9360999518731578,186232.34375,"[4, 2, 1, 20]"
66,66,0.20880000000013155,348,-493.40000000000003,0.9351638519212846,206942.859375,"[6, 3, 1, 20]"
67,67,0.20880000000013155,348,-454.29999999999995,0.9342286880693633,174557.1875,"[5, 2, 1, 20]"
68,68,0.20520000000012928,342,-430.0,0.933294459381294,143922.96875,"[3, 6, 1, 20]"
69,69,0.21060000000013268,351,-467.1,0.9323611649219127,155767.375,"[9, 2, 1, 20]"
70,70,0.20880000000013155,348,-443.5,0.9314288037569908,125891.28125,"[4, 2, 1, 20]"
71,71,0.2070000000001304,345,-441.59999999999997,0.9304973749532338,178173.71875,"[3, 2, 1, 20]"
72,72,0.20880000000013155,348,-500.49999999999994,0.9295668775782806,181766.015625,"[2, 2, 1, 20]"
73,73,0.21240000000013382,354,-433.2,0.9286373107007023,145742.71875,"[8, 1, 1, 20]"
74,74,0.2070000000001304,345,-519.3,0.9277086733900016,104244.640625,"[2, 3, 1, 20]"
75,75,0.20880000000013155,348,-473.4,0.9267809647166116,119636.671875,"[7, 4, 0, 20]"
76,76,0.2087999999998864,348,-462.7,0.925854183751895,153673.9375,"[6, 0, 1, 20]"
77,77,0.20879999999951337,348,-457.59999999999997,0.9249283295681431,136669.15625,"[2, 2, 1, 20]"
78,78,0.21059999999950918,351,-444.5,0.9240034012385749,133215.609375,"[6, 3, 1, 20]"
79,79,0.20879999999951337,348,-468.4,0.9230793978373364,84251.4296875,"[3, 1, 1, 20]"
80,80,0.20879999999951337,348,-478.29999999999995,0.9221563184394991,159101.40625,"[3, 5, 1, 20]"
81,81,0.20699999999951757,345,-434.59999999999997,0.9212341621210596,138503.75,"[8, 3, 1, 20]"
82,82,0.20879999999951337,348,-419.5,0.9203129279589385,163600.890625,"[4, 3, 1, 20]"
83,83,0.21239999999950498,354,-475.2,0.9193926150309796,117570.1953125,"[1, 3, 1, 20]"
84,84,0.21059999999950918,351,-430.59999999999997,0.9184732224159486,129684.28125,"[5, 3, 1, 20]"
85,85,0.21239999999950498,354,-433.4,0.9175547491935327,108314.40625,"[4, 2, 1, 20]"
86,86,0.21239999999950498,354,-493.4,0.9166371944443392,126690.3203125,"[5, 0, 0, 20]"
87,87,0.21059999999950918,351,-442.20000000000005,0.9157205572498949,107238.875,"[1, 4, 1, 20]"
88,88,0.20699999999951757,345,-439.4,0.914804836692645,102699.0625,"[4, 2, 1, 20]"
89,89,0.2159999999994966,360,-488.9,0.9138900318559524,112221.671875,"[5, 2, 1, 20]"
90,90,0.21059999999950918,351,-438.6,0.9129761418240965,94102.8203125,"[4, 1, 1, 20]"
91,91,0.21239999999950498,354,-448.7,0.9120631656822724,111397.21875,"[6, 3, 1, 20]"
92,92,0.20699999999951757,345,-526.1999999999999,0.9111511025165902,121807.1875,"[2, 1, 1, 20]"
93,93,0.21059999999950918,351,-406.8,0.9102399514140735,80096.046875,"[3, 1, 1, 20]"
94,94,0.20879999999951337,348,-449.4,0.9093297114626595,90065.734375,"[5, 2, 1, 20]"
95,95,0.21059999999950918,351,-419.2,0.9084203817511969,104227.25,"[5, 1, 1, 20]"
96,96,0.21059999999950918,351,-481.0,0.9075119613694457,89590.125,"[2, 4, 0, 20]"
97,97,0.20879999999951337,348,-432.79999999999995,0.9066044494080763,97896.9453125,"[7, 2, 1, 20]"
98,98,0.21239999999950498,354,-413.1,0.9056978449586682,82419.3828125,"[11, 2, 1, 20]"
99,99,0.20879999999951337,348,-481.0,0.9047921471137096,88655.0390625,"[2, 3, 1, 20]"
100,100,0.20699999999951757,345,-484.5,0.9038873549665959,83240.296875,"[2, 3, 1, 20]"
101,101,0.20699999999951757,345,-484.0,0.9029834676116293,68641.3046875,"[5, 2, 1, 20]"
102,102,0.20879999999951337,348,-506.2,0.9020804841440176,107155.125,"[2, 2, 1, 20]"
103,103,0.20879999999951337,348,-481.40000000000003,0.9011784036598737,83486.15625,"[5, 2, 1, 20]"
104,104,0.20879999999951337,348,-460.4,0.9002772252562138,71201.0078125,"[2, 2, 1, 20]"
105,105,0.20879999999951337,348,-438.0,0.8993769480309576,91781.921875,"[5, 1, 1, 20]"
106,106,0.21239999999950498,354,-463.3,0.8984775710829266,50814.8046875,"[3, 3, 1, 20]"
107,107,0.21059999999950918,351,-457.9,0.8975790935118436,89639.453125,"[6, 1, 1, 20]"
108,108,0.20879999999951337,348,-426.4,0.8966815144183318,45225.64453125,"[6, 2, 1, 20]"
109,109,0.20879999999951337,348,-497.0,0.8957848329039134,61606.1171875,"[1, 2, 1, 20]"
110,110,0.20879999999951337,348,-496.29999999999995,0.8948890480710096,55740.3671875,"[4, 0, 1, 20]"
111,111,0.20879999999951337,348,-468.1,0.8939941590229386,65818.9140625,"[4, 3, 1, 20]"
112,112,0.21059999999950918,351,-477.1,0.8931001648639156,57719.83984375,"[4, 2, 1, 20]"
113,113,0.20879999999951337,348,-488.70000000000005,0.8922070646990518,55927.4453125,"[7, 2, 1, 20]"
114,114,0.20699999999951757,345,-477.2,0.8913148576343527,78581.6875,"[2, 4, 1, 20]"
115,115,0.20879999999951337,348,-481.9,0.8904235427767183,44181.62109375,"[3, 3, 1, 20]"
116,116,0.20699999999951757,345,-488.6,0.8895331192339416,42758.48828125,"[4, 0, 1, 20]"
117,117,0.20879999999951337,348,-453.1,0.8886435861147077,55248.3125,"[2, 1, 1, 20]"
118,118,0.20699999999951757,345,-480.8,0.887754942528593,42278.953125,"[4, 3, 1, 20]"
119,119,0.20879999999951337,348,-519.0,0.8868671875860644,56937.1875,"[3, 3, 1, 20]"
120,120,0.21059999999950918,351,-471.0,0.8859803203984784,74862.1171875,"[4, 1, 1, 20]"
121,121,0.20699999999951757,345,-533.3,0.88509434007808,55139.75,"[2, 4, 1, 20]"
122,122,0.20879999999951337,348,-499.7,0.8842092457380019,50056.296875,"[3, 2, 1, 20]"
123,123,0.20879999999951337,348,-465.9,0.8833250364922639,70695.84375,"[3, 2, 1, 20]"
124,124,0.20879999999951337,348,-425.9,0.8824417114557717,60291.234375,"[7, 1, 1, 20]"
125,125,0.20879999999951337,348,-474.6,0.8815592697443159,53312.9765625,"[5, 2, 1, 20]"
126,126,0.2159999999994966,360,-491.79999999999995,0.8806777104745716,65784.2734375,"[3, 2, 1, 20]"
127,127,0.20879999999951337,348,-436.4,0.8797970327640969,68027.09375,"[4, 1, 1, 20]"
128,128,0.20879999999951337,348,-490.7,0.8789172357313328,67379.1484375,"[2, 4, 0, 20]"
129,129,0.20699999999951757,345,-466.3,0.8780383184956015,38203.6796875,"[3, 3, 1, 20]"
130,130,0.20879999999951337,348,-484.59999999999997,0.8771602801771059,41967.09375,"[3, 2, 1, 20]"
131,131,0.21059999999950918,351,-415.0,0.8762831198969288,49763.515625,"[6, 0, 1, 20]"
132,132,0.20699999999951757,345,-419.29999999999995,0.8754068367770318,53785.84375,"[5, 1, 0, 20]"
133,133,0.20699999999951757,345,-407.9,0.8745314299402548,46607.98046875,"[4, 2, 1, 20]"
134,134,0.21239999999950498,354,-518.3,0.8736568985103146,35652.46875,"[3, 3, 1, 20]"
135,135,0.20699999999951757,345,-498.0,0.8727832416118043,48230.9453125,"[4, 3, 1, 20]"
136,136,0.21059999999950918,351,-431.1,0.8719104583701925,48493.15625,"[5, 2, 1, 20]"
137,137,0.20699999999951757,345,-436.0,0.8710385479118223,40874.046875,"[6, 1, 1, 20]"
138,138,0.20699999999951757,345,-524.5,0.8701675093639105,54034.578125,"[4, 1, 1, 20]"
139,139,0.20879999999951337,348,-466.7,0.8692973418545467,34636.6171875,"[6, 4, 1, 20]"
140,140,0.21059999999950918,351,-435.8,0.8684280445126921,34643.09765625,"[4, 4, 1, 20]"
141,141,0.20879999999951337,348,-460.6,0.8675596164681794,46055.6328125,"[4, 1, 1, 20]"
142,142,0.20699999999951757,345,-443.4,0.8666920568517111,40942.4609375,"[4, 2, 1, 20]"
143,143,0.21059999999950918,351,-506.0,0.8658253647948594,42087.9375,"[6, 2, 0, 20]"
144,144,0.20879999999951337,348,-487.70000000000005,0.8649595394300645,36969.7734375,"[2, 2, 1, 20]"
145,145,0.20879999999951337,348,-420.1,0.8640945798906344,45211.8828125,"[3, 1, 1, 20]"
146,146,0.2141999999995008,357,-457.29999999999995,0.8632304853107438,43619.75,"[2, 6, 1, 20]"
147,147,0.21059999999950918,351,-430.9,0.862367254825433,35349.41796875,"[3, 6, 1, 20]"
148,148,0.21059999999950918,351,-413.0,0.8615048875706075,46729.6796875,"[8, 3, 1, 20]"
149,149,0.20699999999951757,345,-420.4,0.8606433826830369,36798.6171875,"[3, 1, 1, 20]"
150,150,0.20879999999951337,348,-429.1,0.8597827393003539,42046.6796875,"[3, 4, 1, 20]"
151,151,0.20879999999951337,348,-444.4,0.8589229565610536,35719.796875,"[4, 3, 1, 20]"
152,152,0.20879999999951337,348,-464.2,0.8580640336044925,46018.5390625,"[4, 3, 0, 20]"
153,153,0.20879999999951337,348,-472.59999999999997,0.857205969570888,36528.4140625,"[0, 2, 0, 20]"
154,154,0.20879999999951337,348,-453.7,0.8563487636013172,31763.24609375,"[3, 2, 1, 20]"
155,155,0.21059999999950918,351,-430.40000000000003,0.8554924148377159,42087.96875,"[4, 4, 1, 20]"
156,156,0.20879999999951337,348,-429.69999999999993,0.8546369224228781,31278.6796875,"[6, 4, 1, 20]"
157,157,0.21059999999950918,351,-461.9,0.8537822855004553,36886.2578125,"[6, 3, 1, 20]"
158,158,0.20699999999951757,345,-517.8,0.8529285032149548,28243.072265625,"[2, 2, 1, 20]"
159,159,0.20879999999951337,348,-405.4,0.8520755747117399,37503.09375,"[6, 3, 1, 20]"
160,160,0.20699999999951757,345,-503.9,0.8512234991370281,40624.91796875,"[3, 1, 1, 20]"
161,161,0.20699999999951757,345,-480.2,0.8503722756378911,31313.16796875,"[3, 2, 1, 20]"
162,162,0.20699999999951757,345,-471.99999999999994,0.8495219033622532,30406.44140625,"[3, 2, 1, 20]"
163,163,0.20699999999951757,345,-480.0,0.8486723814588909,28524.759765625,"[8, 2, 1, 20]"
164,164,0.20699999999951757,345,-464.19999999999993,0.847823709077432,35332.39453125,"[4, 5, 1, 20]"
165,165,0.20699999999951757,345,-466.5,0.8469758853683546,30907.97265625,"[4, 3, 0, 20]"
166,166,0.20699999999951757,345,-402.70000000000005,0.8461289094829862,29539.001953125,"[8, 2, 1, 20]"
167,167,0.20879999999951337,348,-461.6,0.8452827805735033,31019.53515625,"[8, 4, 1, 20]"
168,168,0.21059999999950918,351,-431.9,0.8444374977929298,24858.6875,"[4, 1, 1, 20]"
169,169,0.2159999999994966,360,-485.0,0.8435930602951368,34238.9140625,"[4, 3, 1, 20]"
170,170,0.20879999999951337,348,-458.09999999999997,0.8427494672348417,27342.56640625,"[2, 4, 1, 20]"
171,171,0.20879999999951337,348,-393.4,0.8419067177676068,30043.18359375,"[10, 2, 1, 20]"
172,172,0.2141999999995008,357,-428.8,0.8410648110498392,30987.693359375,"[8, 5, 1, 20]"
173,173,0.20699999999951757,345,-466.7,0.8402237462387894,36289.19921875,"[3, 3, 1, 20]"
174,174,0.20879999999951337,348,-482.79999999999995,0.8393835224925505,26791.5859375,"[4, 3, 1, 20]"
175,175,0.20879999999951337,348,-483.2,0.838544138970058,23169.564453125,"[2, 0, 1, 20]"
176,176,0.20699999999951757,345,-458.9,0.8377055948310879,25485.1171875,"[5, 0, 1, 20]"
177,177,0.21059999999950918,351,-497.6,0.8368678892362568,33860.9453125,"[4, 4, 1, 20]"
178,178,0.20879999999951337,348,-418.0,0.8360310213470206,26707.95703125,"[8, 3, 1, 20]"
179,179,0.21059999999950918,351,-423.4,0.8351949903256736,23991.55078125,"[5, 4, 1, 20]"
180,180,0.21059999999950918,351,-467.0,0.8343597953353479,19580.251953125,"[7, 1, 0, 20]"
181,181,0.20699999999951757,345,-502.70000000000005,0.8335254355400126,18670.556640625,"[4, 4, 0, 20]"
182,182,0.20699999999951757,345,-424.3,0.8326919101044725,20408.44921875,"[6, 0, 1, 20]"
183,183,0.20699999999951757,345,-460.2,0.831859218194368,19339.318359375,"[8, 4, 1, 20]"
184,184,0.20699999999951757,345,-479.79999999999995,0.8310273589761736,25557.265625,"[5, 3, 1, 20]"
185,185,0.20699999999951757,345,-472.09999999999997,0.8301963316171974,26192.888671875,"[4, 1, 1, 20]"
186,186,0.20879999999951337,348,-480.4,0.8293661352855802,30961.798828125,"[3, 5, 1, 20]"
187,187,0.21239999999950498,354,-470.8,0.8285367691502946,17883.3828125,"[5, 2, 1, 20]"
188,188,0.20879999999951337,348,-412.3,0.8277082323811443,24585.01953125,"[6, 3, 1, 20]"
189,189,0.21059999999950918,351,-463.59999999999997,0.8268805241487632,25180.27734375,"[5, 1, 1, 20]"
190,190,0.20699999999951757,345,-481.9,0.8260536436246144,19620.234375,"[6, 3, 1, 20]"
191,191,0.20699999999951757,345,-490.8,0.8252275899809898,18093.45703125,"[4, 3, 1, 20]"
192,192,0.20699999999951757,345,-423.9,0.8244023623910088,18502.90234375,"[4, 2, 1, 20]"
193,193,0.20699999999951757,345,-442.90000000000003,0.8235779600286178,19608.2265625,"[7, 3, 1, 20]"
194,194,0.20879999999951337,348,-417.0,0.8227543820685892,21830.931640625,"[4, 5, 1, 20]"
195,195,0.2141999999995008,357,-376.5,0.8219316276865206,14172.73828125,"[8, 0, 1, 20]"
196,196,0.21059999999950918,351,-453.2,0.8211096960588341,14133.4775390625,"[1, 3, 1, 20]"
197,197,0.20699999999951757,345,-476.4,0.8202885863627752,23075.845703125,"[4, 1, 1, 20]"
198,198,0.20879999999951337,348,-425.1,0.8194682977764125,21655.08203125,"[6, 1, 1, 20]"
199,199,0.20879999999951337,348,-418.1,0.818648829478636,19189.337890625,"[6, 0, 1, 20]"
200,200,0.20879999999951337,348,-449.7,0.8178301806491574,21361.83984375,"[2, 4, 1, 20]"
201,201,0.20699999999951757,345,-430.0,0.8170123504685082,20077.8515625,"[4, 5, 1, 20]"
202,202,0.20699999999951757,345,-476.5,0.8161953381180397,18723.826171875,"[2, 3, 1, 20]"
203,203,0.20699999999951757,345,-442.3,0.8153791427799216,12676.9326171875,"[2, 5, 1, 20]"
204,204,0.20879999999951337,348,-465.7,0.8145637636371417,18603.5859375,"[6, 2, 1, 20]"
205,205,0.20879999999951337,348,-459.9,0.8137491998735046,15523.267578125,"[6, 2, 1, 20]"
206,206,0.21059999999950918,351,-512.6,0.812935450673631,21156.55859375,"[3, 3, 1, 20]"
207,207,0.20699999999951757,345,-575.0999999999999,0.8121225152229574,17425.70703125,"[1, 4, 0, 20]"
208,208,0.20699999999951757,345,-451.0,0.8113103927077344,19103.205078125,"[4, 1, 1, 20]"
209,209,0.21239999999950498,354,-490.6,0.8104990823150267,12393.0146484375,"[2, 4, 1, 20]"
210,210,0.20699999999951757,345,-465.3,0.8096885832327116,19524.380859375,"[3, 3, 1, 20]"
211,211,0.20699999999951757,345,-389.1,0.8088788946494789,17066.95703125,"[3, 2, 1, 20]"
212,212,0.20879999999951337,348,-496.3,0.8080700157548294,15322.572265625,"[3, 4, 1, 20]"
213,213,0.20879999999951337,348,-486.5,0.8072619457390746,16388.91015625,"[6, 1, 1, 20]"
214,214,0.20699999999951757,345,-484.79999999999995,0.8064546837933355,18227.751953125,"[5, 1, 1, 20]"
215,215,0.20879999999951337,348,-478.40000000000003,0.8056482291095421,21123.203125,"[2, 2, 1, 20]"
216,216,0.21059999999950918,351,-478.6,0.8048425808804326,19385.9375,"[2, 3, 1, 20]"
217,217,0.20879999999951337,348,-578.5999999999999,0.8040377382995522,16835.62890625,"[5, 1, 1, 20]"
218,218,0.20879999999951337,348,-443.6,0.8032337005612527,18266.4453125,"[6, 4, 1, 20]"
219,219,0.2141999999995008,357,-612.9,0.8024304668606914,14967.419921875,"[4, 4, 1, 20]"
220,220,0.20699999999951757,345,-532.2,0.8016280363938307,18788.951171875,"[6, 8, 1, 20]"
221,221,0.20879999999951337,348,-479.4,0.8008264083574369,16537.859375,"[7, 6, 1, 20]"
222,222,0.21059999999950918,351,-481.3,0.8000255819490795,14585.833984375,"[1, 1, 1, 20]"
223,223,0.21059999999950918,351,-556.8,0.7992255563671304,17748.330078125,"[2, 4, 1, 20]"
224,224,0.20879999999951337,348,-545.0,0.7984263308107633,12066.697265625,"[2, 2, 1, 20]"
225,225,0.20879999999951337,348,-578.8,0.7976279044799526,20022.390625,"[2, 3, 1, 20]"
226,226,0.21059999999950918,351,-556.6,0.7968302765754727,14909.146484375,"[3, 0, 1, 20]"
227,227,0.20699999999951757,345,-570.3,0.7960334462988972,13705.4912109375,"[5, 0, 1, 20]"
228,228,0.21239999999950498,354,-563.1,0.7952374128525983,10429.564453125,"[6, 2, 1, 20]"
229,229,0.20879999999951337,348,-516.9,0.7944421754397457,22178.1875,"[2, 1, 1, 20]"
230,230,0.20879999999951337,348,-521.2,0.7936477332643059,14208.341796875,"[9, 1, 1, 20]"
231,231,0.20699999999951757,345,-443.4,0.7928540855310416,18579.927734375,"[1, 4, 1, 20]"
232,232,0.21059999999950918,351,-578.8,0.7920612314455105,12977.54296875,"[7, 2, 1, 20]"
233,233,0.21239999999950498,354,-505.6,0.7912691702140651,14021.8720703125,"[0, 3, 1, 20]"
234,234,0.20519999999952176,342,-523.8,0.790477901043851,14999.76171875,"[4, 3, 1, 20]"
235,235,0.20879999999951337,348,-419.7,0.7896874231428072,7975.8193359375,"[4, 3, 1, 20]"
236,236,0.21059999999950918,351,-511.6,0.7888977357196644,5898.5458984375,"[3, 3, 1, 20]"
237,237,0.20879999999951337,348,-602.3,0.7881088379839447,8086.0302734375,"[1, 4, 1, 20]"
238,238,0.21059999999950918,351,-540.0,0.7873207291459607,13191.6611328125,"[3, 4, 1, 20]"
239,239,0.21059999999950918,351,-519.4000000000001,0.7865334084168147,12702.634765625,"[4, 4, 1, 20]"
240,240,0.2141999999995008,357,-550.6999999999999,0.7857468750083979,13021.490234375,"[4, 1, 1, 20]"
241,241,0.2141999999995008,357,-512.2,0.7849611281333895,8714.6826171875,"[2, 5, 1, 20]"
242,242,0.20879999999951337,348,-570.6,0.784176167005256,13968.009765625,"[6, 2, 1, 20]"
243,243,0.21239999999950498,354,-652.9000000000001,0.7833919908382508,11017.283203125,"[3, 1, 1, 20]"
244,244,0.21239999999950498,354,-530.4,0.7826085988474126,18207.123046875,"[2, 4, 1, 20]"
245,245,0.21059999999950918,351,-543.2,0.7818259902485653,12030.392578125,"[2, 3, 1, 20]"
246,246,0.20699999999951757,345,-558.5999999999999,0.7810441642583167,11864.755859375,"[1, 3, 1, 20]"
247,247,0.20699999999951757,345,-500.69999999999993,0.7802631200940584,15649.1962890625,"[3, 1, 1, 20]"
248,248,0.21059999999950918,351,-660.0999999999999,0.7794828569739644,12867.541015625,"[6, 5, 1, 20]"
249,249,0.21059999999950918,351,-544.7,0.7787033741169904,8248.95703125,"[3, 1, 1, 20]"
250,250,0.21239999999950498,354,-570.5999999999999,0.7779246707428734,12062.1083984375,"[4, 3, 1, 20]"
251,251,0.20879999999951337,348,-617.6,0.7771467460721305,14546.6279296875,"[5, 3, 1, 20]"
252,252,0.20699999999951757,345,-598.3,0.7763695993260584,13057.3388671875,"[3, 3, 1, 20]"
253,253,0.21239999999950498,354,-630.5,0.7755932297267324,12390.3935546875,"[2, 1, 0, 20]"
254,254,0.21239999999950498,354,-578.1,0.7748176364970056,13154.658203125,"[5, 5, 1, 20]"
255,255,0.2141999999995008,357,-548.7,0.7740428188605086,16704.33203125,"[4, 1, 1, 20]"
256,256,0.2141999999995008,357,-607.0,0.7732687760416481,8685.1943359375,"[4, 4, 1, 20]"
257,257,0.20879999999951337,348,-526.4,0.7724955072656065,11528.01953125,"[1, 3, 1, 20]"
258,258,0.20699999999951757,345,-553.3,0.7717230117583408,14921.3876953125,"[2, 3, 1, 20]"
259,259,0.20879999999951337,348,-674.9,0.7709512887465825,11501.044921875,"[0, 1, 1, 20]"
260,260,0.21059999999950918,351,-610.4,0.7701803374578359,13701.73046875,"[2, 0, 1, 20]"
261,261,0.2159999999994966,360,-565.6,0.7694101571203781,16183.201171875,"[6, 4, 1, 20]"
262,262,0.20699999999951757,345,-524.5999999999999,0.7686407469632577,15494.640625,"[6, 2, 1, 20]"
263,263,0.21059999999950918,351,-538.5999999999999,0.7678721062162944,14115.2978515625,"[2, 1, 1, 20]"
264,264,0.20699999999951757,345,-559.2,0.7671042341100781,9710.015625,"[4, 2, 1, 20]"
265,265,0.20879999999951337,348,-537.3999999999999,0.766337129875968,9875.263671875,"[3, 3, 1, 20]"
266,266,0.21059999999950918,351,-522.7,0.7655707927460921,13505.251953125,"[6, 5, 1, 20]"
267,267,0.20879999999951337,348,-598.9000000000001,0.764805221953346,12589.3828125,"[1, 4, 1, 20]"
268,268,0.20699999999951757,345,-600.0,0.7640404167313927,10589.3974609375,"[2, 2, 0, 20]"
269,269,0.20879999999951337,348,-655.5,0.7632763763146613,13830.37890625,"[0, 2, 1, 20]"
270,270,0.21059999999950918,351,-624.9,0.7625130999383466,9659.201171875,"[4, 3, 1, 20]"
271,271,0.20879999999951337,348,-578.8,0.7617505868384082,11535.2568359375,"[1, 3, 1, 20]"
272,272,0.20699999999951757,345,-575.3,0.7609888362515699,9632.3408203125,"[0, 1, 1, 20]"
273,273,0.2141999999995008,357,-634.0,0.7602278474153183,8601.40234375,"[2, 2, 1, 20]"
274,274,0.20699999999951757,345,-576.5,0.759467619567903,12669.017578125,"[2, 3, 1, 20]"
275,275,0.21239999999950498,354,-687.5,0.7587081519483351,10898.19140625,"[3, 2, 1, 20]"
276,276,0.21239999999950498,354,-586.6,0.7579494437963867,10626.48046875,"[5, 2, 1, 20]"
277,277,0.21059999999950918,351,-545.3,0.7571914943525904,10927.75390625,"[5, 3, 1, 20]"
278,278,0.20879999999951337,348,-569.8,0.7564343028582378,11151.62890625,"[3, 2, 1, 20]"
279,279,0.20879999999951337,348,-571.6,0.7556778685553796,9468.9794921875,"[2, 3, 1, 20]"
280,280,0.20879999999951337,348,-683.1,0.7549221906868242,10447.2529296875,"[2, 5, 1, 20]"
281,281,0.21239999999950498,354,-655.1,0.7541672684961374,10994.91015625,"[1, 2, 1, 20]"
282,282,0.20879999999951337,348,-627.8,0.7534131012276413,7218.49072265625,"[3, 3, 1, 20]"
283,283,0.21239999999950498,354,-657.2,0.7526596881264136,11340.275390625,"[4, 4, 1, 20]"
284,284,0.21239999999950498,354,-731.3,0.7519070284382872,12119.84375,"[0, 1, 1, 20]"
285,285,0.20879999999951337,348,-615.5999999999999,0.7511551214098489,9228.3681640625,"[3, 1, 1, 20]"
286,286,0.21239999999950498,354,-665.0,0.750403966288439,9447.25,"[2, 4, 1, 20]"
287,287,0.2141999999995008,357,-634.0,0.7496535623221505,12033.8642578125,"[2, 2, 1, 20]"
288,288,0.20879999999951337,348,-615.0,0.7489039087598284,7436.4482421875,"[2, 1, 0, 20]"
289,289,0.20879999999951337,348,-604.2,0.7481550048510686,9942.2744140625,"[5, 1, 1, 20]"
290,290,0.21239999999950498,354,-637.7,0.7474068498462175,6638.09765625,"[2, 3, 1, 20]"
291,291,0.20879999999951337,348,-595.6999999999999,0.7466594429963713,10203.734375,"[4, 1, 1, 20]"
292,292,0.20879999999951337,348,-622.1,0.745912783553375,9519.1904296875,"[4, 3, 1, 20]"
293,293,0.20699999999951757,345,-650.1,0.7451668707698216,10055.48046875,"[4, 3, 1, 20]"
294,294,0.21059999999950918,351,-613.3,0.7444217038990517,10406.1064453125,"[5, 1, 1, 20]"
295,295,0.2159999999994966,360,-598.2,0.7436772821951526,8465.6240234375,"[3, 3, 1, 20]"
296,296,0.2159999999994966,360,-525.4,0.7429336049129575,9505.1201171875,"[2, 5, 1, 20]"
297,297,0.20879999999951337,348,-645.0,0.7421906713080445,11322.69140625,"[2, 3, 1, 20]"
298,298,0.20879999999951337,348,-631.0,0.7414484806367364,6183.5703125,"[3, 2, 1, 20]"
299,299,0.20699999999951757,345,-636.4,0.7407070321560997,7267.576171875,"[1, 1, 1, 20]"
300,300,0.20699999999951757,345,-666.5,0.7399663251239436,6537.52587890625,"[2, 3, 1, 20]"
301,301,0.20879999999951337,348,-704.4,0.7392263587988196,9305.435546875,"[2, 4, 1, 20]"
302,302,0.20879999999951337,348,-572.0,0.7384871324400207,5849.3173828125,"[6, 2, 1, 20]"
303,303,0.21239999999950498,354,-700.3,0.7377486453075807,9770.8017578125,"[2, 0, 1, 20]"
304,304,0.20879999999951337,348,-614.9000000000001,0.737010896662273,8529.8115234375,"[1, 5, 1, 20]"
305,305,0.21060000000007761,351,-641.8,0.7362738857656108,8461.24609375,"[1, 1, 1, 20]"
306,306,0.2124000000020203,354,-706.7,0.7355376118798452,8280.3896484375,"[1, 2, 1, 20]"
307,307,0.20880000000198606,348,-620.5,0.7348020742679654,10081.3095703125,"[1, 4, 1, 20]"
308,308,0.20880000000198606,348,-630.9,0.7340672721936974,9774.19921875,"[4, 2, 1, 20]"
309,309,0.20880000000198606,348,-701.8000000000001,0.7333332049215037,10060.697265625,"[2, 5, 1, 20]"
310,310,0.20700000000196894,345,-605.2,0.7325998717165821,6662.2392578125,"[2, 2, 1, 20]"
311,311,0.20880000000198606,348,-711.4,0.7318672718448656,9358.4560546875,"[4, 3, 0, 20]"
312,312,0.20880000000198606,348,-587.4,0.7311354045730207,7972.44873046875,"[5, 3, 1, 20]"
313,313,0.20880000000198606,348,-613.1,0.7304042691684477,8137.12158203125,"[2, 3, 1, 20]"
314,314,0.20880000000198606,348,-559.3,0.7296738648992792,7775.0263671875,"[4, 2, 1, 20]"
315,315,0.21060000000200318,351,-574.3,0.7289441910343799,8494.6083984375,"[4, 2, 1, 20]"
316,316,0.21060000000200318,351,-695.8,0.7282152468433455,4684.5224609375,"[2, 1, 1, 20]"
317,317,0.21060000000200318,351,-610.3,0.7274870315965022,7103.689453125,"[2, 4, 1, 20]"
318,318,0.20880000000198606,348,-624.3,0.7267595445649057,8961.2705078125,"[4, 3, 1, 20]"
319,319,0.21060000000200318,351,-579.2,0.7260327850203407,8565.3544921875,"[2, 0, 1, 20]"
320,320,0.20880000000198606,348,-517.3,0.7253067522353204,8317.150390625,"[3, 2, 1, 20]"
321,321,0.21060000000200318,351,-473.9,0.724581445483085,8559.7451171875,"[4, 0, 1, 20]"
322,322,0.2124000000020203,354,-537.0,0.723856864037602,8295.2734375,"[4, 4, 1, 20]"
323,323,0.20880000000198606,348,-511.6,0.7231330071735643,8276.900390625,"[3, 3, 1, 20]"
324,324,0.20700000000196894,345,-570.8,0.7224098741663908,5425.2734375,"[1, 3, 1, 20]"
325,325,0.2124000000020203,354,-516.7,0.7216874642922244,6805.6357421875,"[7, 1, 1, 20]"
326,326,0.20880000000198606,348,-507.29999999999995,0.7209657768279322,8175.07666015625,"[3, 5, 1, 20]"
327,327,0.20700000000196894,345,-584.6,0.7202448110511043,8663.158203125,"[4, 2, 0, 20]"
328,328,0.20700000000196894,345,-512.6,0.7195245662400531,7031.9853515625,"[7, 3, 1, 20]"
329,329,0.20880000000198606,348,-549.5,0.7188050416738131,8413.5078125,"[6, 4, 1, 20]"
330,330,0.20700000000196894,345,-517.4,0.7180862366321393,6953.1044921875,"[6, 3, 1, 20]"
331,331,0.20700000000196894,345,-570.0,0.7173681503955072,7774.1669921875,"[4, 3, 1, 20]"
332,332,0.20880000000198606,348,-579.1999999999999,0.7166507822451117,6159.39453125,"[4, 3, 1, 20]"
333,333,0.20700000000196894,345,-519.7,0.7159341314628666,7293.41162109375,"[8, 3, 1, 20]"
334,334,0.2124000000020203,354,-483.4,0.7152181973314037,7858.162109375,"[4, 3, 1, 20]"
335,335,0.20700000000196894,345,-485.09999999999997,0.7145029791340722,8223.11328125,"[4, 4, 1, 20]"
336,336,0.21060000000200318,351,-458.7,0.7137884761549381,8578.9462890625,"[6, 1, 1, 20]"
337,337,0.21060000000200318,351,-548.0,0.7130746876787832,5821.0029296875,"[3, 2, 0, 20]"
338,338,0.20700000000196894,345,-532.8000000000001,0.7123616129911045,3756.6689453125,"[4, 1, 1, 20]"
339,339,0.22320000000212303,372,-607.7,0.7116492513781133,8371.72265625,"[5, 1, 1, 20]"
340,340,0.20700000000196894,345,-517.2,0.7109376021267352,7673.0146484375,"[5, 1, 1, 20]"
341,341,0.20700000000196894,345,-531.9,0.7102266645246085,5676.0712890625,"[4, 3, 1, 20]"
342,342,0.20880000000198606,348,-444.7,0.7095164378600839,4372.00439453125,"[6, 1, 1, 20]"
343,343,0.20700000000196894,345,-462.1,0.7088069214222238,5855.83642578125,"[5, 1, 1, 20]"
344,344,0.20520000000195182,342,-449.79999999999995,0.7080981145008015,7760.9453125,"[8, 4, 0, 20]"
345,345,0.20880000000198606,348,-500.6,0.7073900163863007,4979.8623046875,"[5, 0, 1, 20]"
346,346,0.21060000000200318,351,-459.90000000000003,0.7066826263699144,5460.39208984375,"[4, 0, 1, 20]"
347,347,0.20700000000196894,345,-471.4,0.7059759437435444,6490.9677734375,"[3, 3, 1, 20]"
348,348,0.20520000000195182,342,-478.3,0.7052699677998009,7539.7802734375,"[6, 2, 1, 20]"
349,349,0.20700000000196894,345,-475.2,0.704564697832001,5551.169921875,"[3, 3, 1, 20]"
350,350,0.20880000000198606,348,-500.6,0.7038601331341691,3949.201171875,"[4, 2, 1, 20]"
351,351,0.20700000000196894,345,-428.0,0.7031562730010349,5592.52734375,"[6, 2, 1, 20]"
352,352,0.20880000000198606,348,-504.29999999999995,0.7024531167280339,6736.98486328125,"[4, 0, 0, 20]"
353,353,0.2124000000020203,354,-512.3,0.7017506636113059,6903.357421875,"[6, 3, 1, 20]"
354,354,0.21060000000200318,351,-453.5,0.7010489129476946,6979.8486328125,"[5, 3, 1, 20]"
355,355,0.2124000000020203,354,-434.7,0.7003478640347469,4539.115234375,"[9, 3, 1, 20]"
356,356,0.2124000000020203,354,-423.5,0.6996475161707122,6530.30078125,"[6, 2, 1, 20]"
357,357,0.21060000000200318,351,-471.9,0.6989478686545415,3063.02490234375,"[3, 1, 0, 20]"
358,358,0.20700000000196894,345,-528.2,0.698248920785887,5384.89013671875,"[4, 2, 0, 20]"
359,359,0.20700000000196894,345,-501.79999999999995,0.6975506718651011,5794.7705078125,"[4, 3, 1, 20]"
360,360,0.20880000000198606,348,-561.5999999999999,0.6968531211932361,6485.388671875,"[4, 0, 0, 20]"
361,361,0.21060000000200318,351,-523.6,0.6961562680720428,6561.3251953125,"[5, 3, 1, 20]"
362,362,0.20700000000196894,345,-518.2,0.6954601118039707,6513.35546875,"[7, 1, 0, 20]"
363,363,0.2124000000020203,354,-485.4,0.6947646516921667,5960.34130859375,"[6, 2, 1, 20]"
364,364,0.20700000000196894,345,-464.6,0.6940698870404746,6626.6962890625,"[6, 3, 1, 20]"
365,365,0.20880000000198606,348,-473.1,0.6933758171534341,4195.65234375,"[3, 3, 0, 20]"
366,366,0.20700000000196894,345,-525.3,0.6926824413362807,5590.11474609375,"[2, 1, 1, 20]"
367,367,0.20880000000198606,348,-506.29999999999995,0.6919897588949444,4902.41357421875,"[2, 1, 1, 20]"
368,368,0.21060000000200318,351,-502.1,0.6912977691360495,5973.0439453125,"[4, 2, 1, 20]"
369,369,0.20880000000198606,348,-485.9,0.6906064713669134,3978.95166015625,"[7, 4, 0, 20]"
370,370,0.21060000000200318,351,-491.0,0.6899158648955466,5249.755859375,"[3, 4, 1, 20]"
371,371,0.21600000000205455,360,-501.0,0.689225949030651,4022.520263671875,"[5, 3, 1, 20]"
372,372,0.20880000000198606,348,-575.0,0.6885367230816204,4838.1806640625,"[2, 3, 1, 20]"
373,373,0.21060000000200318,351,-509.1,0.6878481863585387,5422.123046875,"[9, 3, 1, 20]"
374,374,0.20700000000196894,345,-479.6,0.6871603381721801,6954.4482421875,"[3, 2, 1, 20]"
375,375,0.20880000000198606,348,-481.8,0.686473177834008,4207.5322265625,"[0, 3, 1, 20]"
376,376,0.20880000000198606,348,-569.5,0.685786704656174,4413.70947265625,"[5, 3, 1, 20]"
377,377,0.20880000000198606,348,-500.80000000000007,0.6851009179515178,6080.0380859375,"[3, 2, 1, 20]"
378,378,0.20880000000198606,348,-489.29999999999995,0.6844158170335664,5441.07373046875,"[2, 2, 1, 20]"
379,379,0.21060000000200318,351,-516.0,0.6837314012165328,4965.1416015625,"[4, 2, 1, 20]"
380,380,0.20700000000196894,345,-574.0,0.6830476698153162,5537.990234375,"[3, 2, 0, 20]"
381,381,0.21060000000200318,351,-506.29999999999995,0.6823646221455009,3435.650146484375,"[4, 1, 1, 20]"
382,382,0.20700000000196894,345,-523.0,0.6816822575233553,3727.22705078125,"[4, 2, 0, 20]"
383,383,0.20880000000198606,348,-477.9,0.6810005752658319,5073.53759765625,"[4, 2, 1, 20]"
384,384,0.20880000000198606,348,-550.7,0.680319574690566,4436.51416015625,"[1, 2, 1, 20]"
385,385,0.20880000000198606,348,-456.5,0.6796392551158754,5722.30078125,"[4, 4, 0, 20]"
386,386,0.20520000000195182,342,-510.2,0.6789596158607596,5323.365234375,"[3, 2, 1, 20]"
387,387,0.20880000000198606,348,-477.29999999999995,0.6782806562448989,5724.7841796875,"[3, 1, 1, 20]"
388,388,0.20700000000196894,345,-554.8,0.677602375588654,4463.11962890625,"[4, 1, 0, 20]"
389,389,0.20880000000198606,348,-512.9,0.6769247732130653,4172.19482421875,"[5, 1, 1, 20]"
390,390,0.20700000000196894,345,-550.7,0.6762478484398523,3572.44091796875,"[7, 3, 0, 20]"
391,391,0.20700000000196894,345,-474.8,0.6755716005914124,3258.3798828125,"[8, 1, 1, 20]"
392,392,0.20880000000198606,348,-534.3,0.674896028990821,3921.473388671875,"[3, 3, 0, 20]"
393,393,0.20880000000198606,348,-502.8,0.6742211329618302,3069.006591796875,"[4, 0, 1, 20]"
394,394,0.20880000000198606,348,-567.9,0.6735469118288684,3560.186279296875,"[2, 2, 0, 20]"
395,395,0.20880000000198606,348,-499.5,0.6728733649170395,4245.408203125,"[3, 2, 1, 20]"
396,396,0.20880000000198606,348,-538.8,0.6722004915521225,3784.7470703125,"[1, 2, 1, 20]"
397,397,0.20700000000196894,345,-476.09999999999997,0.6715282910605703,3361.854736328125,"[6, 1, 1, 20]"
398,398,0.20700000000196894,345,-515.2,0.6708567627695098,5177.7861328125,"[2, 1, 1, 20]"
399,399,0.21060000000200318,351,-508.2,0.6701859060067403,3432.249267578125,"[6, 2, 1, 20]"
400,400,0.20880000000198606,348,-549.2,0.6695157201007336,2615.916015625,"[2, 4, 1, 20]"
401,401,0.2124000000020203,354,-512.7,0.6688462043806328,4216.7041015625,"[2, 2, 1, 20]"
402,402,0.21060000000200318,351,-449.2,0.6681773581762521,3559.44921875,"[4, 4, 1, 20]"
403,403,0.20700000000196894,345,-478.8,0.6675091808180759,3654.7177734375,"[5, 2, 1, 20]"
404,404,0.20880000000198606,348,-543.2,0.6668416716372578,3034.3779296875,"[4, 4, 0, 20]"
405,405,0.20880000000198606,348,-526.3,0.6661748299656206,3774.90234375,"[6, 3, 1, 20]"
406,406,0.2124000000020203,354,-479.3,0.6655086551356549,4030.212890625,"[5, 4, 1, 20]"
407,407,0.21060000000200318,351,-509.70000000000005,0.6648431464805192,3256.87451171875,"[4, 2, 1, 20]"
408,408,0.2124000000020203,354,-516.2,0.6641783033340387,3747.2109375,"[3, 2, 1, 20]"
409,409,0.20700000000196894,345,-467.5,0.6635141250307047,2854.08251953125,"[2, 1, 1, 20]"
410,410,0.20880000000198606,348,-550.3,0.662850610905674,2664.896484375,"[6, 4, 1, 20]"
411,411,0.20880000000198606,348,-511.69999999999993,0.6621877602947683,1750.4501953125,"[8, 2, 0, 20]"
412,412,0.20880000000198606,348,-550.9000000000001,0.6615255725344735,2143.784423828125,"[2, 1, 1, 20]"
413,413,0.20700000000196894,345,-509.09999999999997,0.660864046961939,4073.5615234375,"[5, 4, 1, 20]"
414,414,0.21060000000200318,351,-528.8,0.660203182914977,4072.484375,"[5, 1, 0, 20]"
415,415,0.20880000000198606,348,-492.5,0.6595429797320621,1890.1748046875,"[4, 1, 0, 20]"
416,416,0.21060000000200318,351,-484.3,0.6588834367523301,3751.102294921875,"[5, 2, 0, 20]"
417,417,0.20700000000196894,345,-468.4,0.6582245533155777,3817.821044921875,"[5, 3, 1, 20]"
418,418,0.20880000000198606,348,-543.8,0.6575663287622622,2099.735595703125,"[1, 3, 1, 20]"
419,419,0.20880000000198606,348,-481.2,0.6569087624334999,3291.4521484375,"[6, 4, 0, 20]"
420,420,0.20880000000198606,348,-493.49999999999994,0.6562518536710664,3897.1357421875,"[4, 1, 1, 20]"
421,421,0.20700000000196894,345,-548.3,0.6555956018173954,3499.082275390625,"[4, 0, 1, 20]"
422,422,0.21060000000200318,351,-544.7,0.654940006215578,2529.46240234375,"[2, 3, 0, 20]"
423,423,0.2124000000020203,354,-589.5999999999999,0.6542850662093624,3417.56689453125,"[2, 1, 0, 20]"
424,424,0.20700000000196894,345,-578.1,0.6536307811431531,3542.1611328125,"[2, 2, 0, 20]"
425,425,0.20700000000196894,345,-507.8,0.65297715036201,3353.536376953125,"[2, 1, 1, 20]"
426,426,0.2124000000020203,354,-515.2,0.6523241732116479,2637.859375,"[1, 3, 1, 20]"
427,427,0.20520000000195182,342,-550.1999999999999,0.6516718490384363,3762.7666015625,"[5, 0, 0, 20]"
428,428,0.20880000000198606,348,-541.2,0.6510201771893979,3301.487548828125,"[4, 2, 0, 20]"
429,429,0.21060000000200318,351,-492.59999999999997,0.6503691570122084,3027.26220703125,"[6, 3, 0, 20]"
430,430,0.2124000000020203,354,-516.2,0.6497187878551962,2223.5419921875,"[6, 2, 0, 20]"
431,431,0.20880000000198606,348,-486.4,0.649069069067341,3702.80517578125,"[5, 1, 0, 20]"
432,432,0.20880000000198606,348,-455.2,0.6484199999982736,3155.54833984375,"[6, 3, 1, 20]"
433,433,0.21060000000200318,351,-498.4,0.6477715799982753,1695.567626953125,"[2, 3, 0, 20]"
434,434,0.20700000000196894,345,-564.8,0.647123808418277,2182.347900390625,"[1, 2, 0, 20]"
435,435,0.20880000000198606,348,-529.8,0.6464766846098587,2621.98193359375,"[3, 2, 0, 20]"
436,436,0.20880000000198606,348,-552.1,0.6458302079252489,3316.45263671875,"[5, 2, 1, 20]"
437,437,0.21600000000205455,360,-571.6,0.6451843777173236,2408.849609375,"[0, 2, 1, 20]"
438,438,0.20880000000198606,348,-549.1999999999999,0.6445391933396063,1349.33935546875,"[4, 0, 0, 20]"
439,439,0.20700000000196894,345,-571.7,0.6438946541462667,2150.122802734375,"[2, 1, 0, 20]"
440,440,0.21420000000203743,357,-602.6,0.6432507594921204,3179.175537109375,"[2, 6, 0, 20]"
441,441,0.20880000000198606,348,-579.3,0.6426075087326283,2112.3154296875,"[4, 1, 0, 20]"
442,442,0.20700000000196894,345,-585.2,0.6419649012238956,2663.7236328125,"[2, 4, 0, 20]"
443,443,0.2124000000020203,354,-615.5,0.6413229363226717,2958.646484375,"[3, 3, 0, 20]"
444,444,0.20700000000196894,345,-576.5,0.640681613386349,1802.5,"[2, 3, 0, 20]"
445,445,0.20880000000198606,348,-502.79999999999995,0.6400409317729626,2567.6611328125,"[7, 0, 0, 20]"
446,446,0.20880000000198606,348,-582.2,0.6394008908411897,2918.9267578125,"[1, 3, 1, 20]"
447,447,0.21060000000200318,351,-600.0,0.6387614899503485,2661.0537109375,"[3, 2, 1, 20]"
448,448,0.20880000000198606,348,-563.7,0.6381227284603982,2456.4736328125,"[3, 2, 0, 20]"
449,449,0.21060000000200318,351,-581.8,0.6374846057319378,2393.18408203125,"[2, 0, 0, 20]"
450,450,0.2124000000020203,354,-632.5999999999999,0.6368471211262058,1879.88330078125,"[2, 3, 0, 20]"
451,451,0.21060000000200318,351,-529.4000000000001,0.6362102740050796,1805.94873046875,"[4, 4, 0, 20]"
452,452,0.20700000000196894,345,-527.2,0.6355740637310745,1408.712158203125,"[5, 2, 0, 20]"
453,453,0.2124000000020203,354,-573.0999999999999,0.6349384896673435,1911.28173828125,"[2, 1, 0, 20]"
454,454,0.21060000000200318,351,-509.2,0.6343035511776761,2837.216796875,"[4, 2, 1, 20]"
455,455,0.21420000000203743,357,-573.9,0.6336692476264985,2020.458984375,"[0, 4, 0, 20]"
456,456,0.20880000000198606,348,-555.0999999999999,0.6330355783788719,2312.4345703125,"[4, 4, 0, 20]"
457,457,0.20880000000198606,348,-568.9,0.632402542800493,2034.558349609375,"[3, 2, 0, 20]"
458,458,0.20880000000198606,348,-590.2,0.6317701402576925,1626.2919921875,"[2, 1, 1, 20]"
459,459,0.21060000000200318,351,-586.6,0.6311383701174348,1944.0748291015625,"[2, 3, 0, 20]"
460,460,0.20700000000196894,345,-598.7,0.6305072317473174,2215.0517578125,"[1, 1, 1, 20]"
461,461,0.20880000000198606,348,-573.5,0.6298767245155701,1786.065673828125,"[1, 2, 0, 20]"
462,462,0.20700000000196894,345,-562.7,0.6292468477910546,1757.407470703125,"[2, 0, 1, 20]"
463,463,0.20880000000198606,348,-584.3,0.6286176009432635,1430.2841796875,"[0, 0, 0, 20]"
464,464,0.2124000000020203,354,-557.1,0.6279889833423202,1470.9871826171875,"[1, 3, 1, 20]"
465,465,0.20880000000198606,348,-575.9,0.6273609943589779,1358.175048828125,"[2, 2, 0, 20]"
466,466,0.21420000000203743,357,-597.9,0.6267336333646188,2080.45068359375,"[1, 3, 1, 20]"
467,467,0.20880000000198606,348,-669.4000000000001,0.6261068997312542,1927.8865966796875,"[1, 0, 0, 20]"
468,468,0.20880000000198606,348,-520.4,0.6254807928315229,2021.7247314453125,"[2, 4, 0, 20]"
469,469,0.20880000000198606,348,-554.2,0.6248553120386914,1518.087890625,"[4, 2, 0, 20]"
470,470,0.2124000000020203,354,-538.8,0.6242304567266527,1809.397705078125,"[1, 2, 0, 20]"
471,471,0.2124000000020203,354,-616.4000000000001,0.623606226269926,2080.17041015625,"[2, 3, 0, 20]"
472,472,0.20880000000198606,348,-615.2,0.6229826200436561,1912.6702880859375,"[4, 1, 0, 20]"
473,473,0.21420000000203743,357,-591.3,0.6223596374236124,1584.632568359375,"[3, 2, 0, 20]"
474,474,0.20880000000198606,348,-621.5,0.6217372777861888,1753.89599609375,"[1, 0, 0, 20]"
475,475,0.20880000000198606,348,-580.5,0.6211155405084027,1135.639892578125,"[3, 0, 0, 20]"
476,476,0.20880000000198606,348,-555.0999999999999,0.6204944249678943,1442.3917236328125,"[1, 0, 0, 20]"
477,477,0.21060000000200318,351,-569.3,0.6198739305429264,1754.493408203125,"[4, 2, 0, 20]"
478,478,0.20700000000196894,345,-559.4,0.6192540566123834,837.6085205078125,"[0, 1, 0, 20]"
479,479,0.20520000000195182,342,-535.4,0.6186348025557711,1486.1968994140625,"[4, 1, 0, 20]"
480,480,0.20880000000198606,348,-583.8,0.6180161677532153,1688.799072265625,"[3, 6, 0, 20]"
481,481,0.20700000000196894,345,-544.9,0.6173981515854621,1665.829345703125,"[6, 1, 0, 20]"
482,482,0.20700000000196894,345,-602.5,0.6167807534338766,1162.5020751953125,"[3, 3, 0, 20]"
483,483,0.20880000000198606,348,-535.0,0.6161639726804428,743.9583740234375,"[0, 1, 0, 20]"
484,484,0.21060000000200318,351,-588.6,0.6155478087077623,1493.4078369140625,"[2, 2, 0, 20]"
485,485,0.20880000000198606,348,-605.0999999999999,0.6149322608990545,1695.678955078125,"[2, 0, 0, 20]"
486,486,0.21060000000200318,351,-654.9,0.6143173286381555,1533.005126953125,"[1, 2, 0, 20]"
487,487,0.20880000000198606,348,-572.5,0.6137030113095173,1405.8408203125,"[3, 2, 0, 20]"
488,488,0.20880000000198606,348,-602.6,0.6130893082982078,889.064453125,"[2, 2, 0, 20]"
489,489,0.20880000000198606,348,-580.5,0.6124762189899097,1323.3154296875,"[0, 2, 0, 20]"
490,490,0.20880000000198606,348,-595.9,0.6118637427709198,582.495361328125,"[1, 2, 0, 20]"
491,491,0.20700000000196894,345,-600.2,0.6112518790281489,1123.42529296875,"[4, 1, 0, 20]"
492,492,0.20700000000196894,345,-579.3,0.6106406271491208,1025.7342529296875,"[2, 1, 0, 20]"
493,493,0.21060000000200318,351,-599.3,0.6100299865219717,1303.0665283203125,"[2, 1, 0, 20]"
494,494,0.21060000000200318,351,-578.8,0.6094199565354498,1088.1383056640625,"[4, 1, 0, 20]"
495,495,0.20880000000198606,348,-583.0,0.6088105365789144,1237.354248046875,"[1, 2, 1, 20]"
496,496,0.20880000000198606,348,-567.4,0.6082017260423355,1147.3197021484375,"[3, 1, 0, 20]"
497,497,0.20880000000198606,348,-590.5999999999999,0.6075935243162931,1128.31103515625,"[3, 5, 0, 20]"
498,498,0.21060000000200318,351,-598.5,0.6069859307919768,1073.1011962890625,"[2, 2, 0, 20]"
499,499,0.20880000000198606,348,-570.1,0.6063789448611848,948.41943359375,"[4, 1, 0, 20]"
500,500,0.21060000000200318,351,-573.4,0.6057725659163237,1039.6368408203125,"[3, 2, 0, 20]"
501,501,0.21060000000200318,351,-577.8,0.6051667933504074,871.845947265625,"[1, 1, 1, 20]"
502,502,0.21060000000200318,351,-551.8,0.6045616265570569,836.8641357421875,"[5, 1, 0, 20]"
503,503,0.20880000000198606,348,-577.5,0.6039570649304998,887.9310913085938,"[3, 1, 1, 20]"
504,504,0.20700000000196894,345,-547.9,0.6033531078655693,901.48486328125,"[4, 2, 0, 20]"
505,505,0.20880000000198606,348,-533.5,0.6027497547577038,626.7402954101562,"[4, 0, 0, 20]"
506,506,0.21060000000200318,351,-604.9000000000001,0.602147005002946,984.332275390625,"[0, 0, 1, 20]"
507,507,0.20880000000198606,348,-553.0999999999999,0.6015448579979431,978.9337768554688,"[5, 2, 0, 20]"
508,508,0.21060000000200318,351,-639.7,0.6009433131399452,749.140625,"[1, 3, 0, 20]"
509,509,0.20880000000198606,348,-599.5999999999999,0.6003423698268052,578.156494140625,"[3, 2, 0, 20]"
510,510,0.21060000000200318,351,-532.6,0.5997420274569785,942.3067626953125,"[7, 3, 0, 20]"
511,511,0.20880000000198606,348,-606.0999999999999,0.5991422854295215,700.7035522460938,"[2, 1, 0, 20]"
512,512,0.2124000000020203,354,-594.0,0.598543143144092,682.6193237304688,"[0, 2, 0, 20]"
513,513,0.21060000000200318,351,-584.0,0.5979446000009478,788.0929565429688,"[1, 1, 0, 20]"
514,514,0.21060000000200318,351,-599.7,0.5973466554009469,748.0967407226562,"[0, 1, 0, 20]"
515,515,0.2124000000020203,354,-625.0,0.596749308745546,684.3373413085938,"[6, 3, 0, 20]"
516,516,0.21060000000200318,351,-619.4,0.5961525594368005,689.05322265625,"[1, 2, 0, 20]"
517,517,0.21060000000200318,351,-596.0,0.5955564068773637,781.237548828125,"[6, 1, 0, 20]"
518,518,0.21060000000200318,351,-544.4,0.5949608504704863,402.3981628417969,"[3, 3, 0, 20]"
519,519,0.20700000000196894,345,-551.5,0.5943658896200158,361.07830810546875,"[4, 2, 0, 20]"
520,520,0.20880000000198606,348,-561.0,0.5937715237303958,630.5797119140625,"[3, 4, 0, 20]"
521,521,0.20880000000198606,348,-577.9,0.5931777522066654,597.206298828125,"[3, 1, 0, 20]"
522,522,0.20700000000196894,345,-540.0999999999999,0.5925845744544587,750.4595947265625,"[1, 3, 0, 20]"
523,523,0.20880000000198606,348,-605.1,0.5919919898800042,334.63543701171875,"[2, 2, 0, 20]"
524,524,0.20880000000198606,348,-609.5,0.5913999978901242,623.7709350585938,"[1, 2, 0, 20]"
525,525,0.21060000000200318,351,-573.7,0.590808597892234,693.257080078125,"[0, 1, 0, 20]"
526,526,0.20520000000195182,342,-600.8,0.5902177892943418,506.00811767578125,"[3, 2, 0, 20]"
527,527,0.21060000000200318,351,-595.5999999999999,0.5896275715050474,693.9635620117188,"[3, 3, 0, 20]"
528,528,0.20880000000198606,348,-570.3,0.5890379439335424,638.3707885742188,"[6, 2, 1, 20]"
529,529,0.20880000000198606,348,-576.6,0.5884489059896089,536.8260498046875,"[1, 3, 0, 20]"
530,530,0.21420000000203743,357,-579.0999999999999,0.5878604570836192,538.7203979492188,"[3, 2, 0, 20]"
531,531,0.21060000000200318,351,-547.9,0.5872725966265356,469.28472900390625,"[2, 1, 1, 20]"
532,532,0.20880000000198606,348,-556.4000000000001,0.5866853240299091,431.32073974609375,"[1, 2, 1, 20]"
533,533,0.21060000000200318,351,-564.5,0.5860986387058792,356.6219177246094,"[4, 0, 0, 20]"
534,534,0.2124000000020203,354,-614.7,0.5855125400671733,457.6785888671875,"[1, 4, 0, 20]"
535,535,0.21420000000203743,357,-529.8,0.5849270275271061,323.0030517578125,"[4, 1, 0, 20]"
536,536,0.20880000000198606,348,-541.3000000000001,0.584342100499579,357.67327880859375,"[6, 0, 0, 20]"
537,537,0.21600000000205455,360,-556.2,0.5837577583990794,442.6235046386719,"[2, 0, 0, 20]"
538,538,0.22680000000215728,378,-540.9000000000001,0.5831740006406804,478.9695739746094,"[3, 2, 0, 20]"
539,539,0.2124000000020203,354,-570.9,0.5825908266400397,422.335205078125,"[2, 2, 0, 20]"
540,540,0.20700000000196894,345,-562.5,0.5820082358133997,294.57177734375,"[2, 4, 0, 20]"
541,541,0.20700000000196894,345,-585.0999999999999,0.5814262275775862,302.0997314453125,"[5, 4, 0, 20]"
542,542,0.21780000000207167,363,-629.2,0.5808448013500086,269.8047790527344,"[2, 1, 0, 20]"
543,543,0.2196000000020888,366,-529.0,0.5802639565486586,388.9934997558594,"[1, 1, 0, 20]"
544,544,0.2124000000020203,354,-583.6,0.57968369259211,371.3038024902344,"[3, 2, 0, 20]"
545,545,0.20880000000198606,348,-480.29999999999995,0.5791040088995179,331.8316345214844,"[2, 3, 0, 20]"
546,546,0.2214000000021059,369,-546.7,0.5785249048906184,342.74676513671875,"[3, 1, 0, 20]"
547,547,0.20880000000198606,348,-542.9,0.5779463799857277,306.3309326171875,"[3, 3, 0, 20]"
548,548,0.20880000000198606,348,-556.2,0.577368433605742,246.0599365234375,"[3, 1, 0, 20]"
549,549,0.21060000000200318,351,-560.5,0.5767910651721362,262.952880859375,"[3, 2, 0, 20]"
550,550,0.20880000000198606,348,-588.6999999999999,0.576214274106964,260.4839172363281,"[2, 0, 0, 20]"
551,551,0.2124000000020203,354,-548.5,0.5756380598328571,183.58978271484375,"[3, 0, 0, 20]"
552,552,0.2196000000020888,366,-564.3,0.5750624217730242,226.10089111328125,"[2, 3, 0, 20]"
553,553,0.21060000000200318,351,-500.09999999999997,0.5744873593512512,273.88043212890625,"[3, 2, 1, 20]"
554,554,0.2196000000020888,366,-544.5,0.5739128719918999,216.268798828125,"[2, 4, 0, 20]"
555,555,0.21420000000203743,357,-507.0,0.573338959119908,290.6576843261719,"[3, 3, 0, 20]"
556,556,0.21060000000200318,351,-531.8,0.572765620160788,178.0756378173828,"[2, 0, 0, 20]"
557,557,0.2124000000020203,354,-543.3,0.5721928545406272,225.14175415039062,"[3, 0, 0, 20]"
558,558,0.20880000000198606,348,-530.4,0.5716206616860866,196.10049438476562,"[3, 1, 0, 20]"
559,559,0.21420000000203743,357,-548.0,0.5710490410244006,248.6090850830078,"[1, 2, 0, 20]"
560,560,0.2196000000020888,366,-611.3,0.5704779919833761,219.0166015625,"[4, 0, 0, 20]"
561,561,0.21600000000205455,360,-520.3,0.5699075139913927,209.58782958984375,"[1, 1, 0, 20]"
562,562,0.20700000000196894,345,-565.9000000000001,0.5693376064774013,191.3282012939453,"[1, 1, 0, 20]"
563,563,0.2124000000020203,354,-591.5,0.5687682688709239,168.5418701171875,"[2, 1, 0, 20]"
564,564,0.21420000000203743,357,-571.0,0.5681995006020529,141.26461791992188,"[3, 3, 0, 20]"
565,565,0.22320000000212303,372,-598.0999999999999,0.5676313011014509,122.39420318603516,"[5, 1, 0, 20]"
566,566,0.21060000000200318,351,-695.4000000000001,0.5670636698003494,185.73651123046875,"[4, 0, 0, 20]"
567,567,0.20880000000198606,348,-703.5,0.5664966061305491,111.82574462890625,"[0, 3, 1, 20]"
568,568,0.22500000000214015,375,-519.4,0.5659301095244186,141.46820068359375,"[3, 2, 0, 20]"
569,569,0.2466000000023456,411,-686.3000000000001,0.5653641794148941,122.58108520507812,"[3, 1, 0, 20]"
570,570,0.21420000000203743,357,-756.8,0.5647988152354793,116.32469177246094,"[1, 1, 0, 20]"
571,571,0.21420000000203743,357,-959.8,0.5642340164202437,109.44500732421875,"[1, 2, 1, 20]"
572,572,0.21600000000205455,360,-835.2,0.5636697824038235,124.75929260253906,"[5, 2, 0, 20]"
573,573,0.20880000000198606,348,-851.5,0.5631061126214196,168.74368286132812,"[2, 3, 0, 20]"
574,574,0.2124000000020203,354,-783.0,0.5625430065087982,131.0767822265625,"[1, 3, 0, 20]"
575,575,0.21600000000205455,360,-1187.6999999999998,0.5619804635022894,124.35595703125,"[1, 1, 0, 20]"
576,576,0.20880000000198606,348,-700.1999999999999,0.561418483038787,132.0297088623047,"[3, 1, 1, 20]"
577,577,0.21060000000200318,351,-581.7,0.5608570645557482,112.6012954711914,"[5, 2, 1, 20]"
578,578,0.21060000000200318,351,-513.8,0.5602962074911925,105.29637908935547,"[2, 3, 0, 20]"
579,579,0.20700000000196894,345,-572.8,0.5597359112837013,120.66836547851562,"[5, 1, 0, 20]"
580,580,0.21060000000200318,351,-525.0,0.5591761753724176,96.6950912475586,"[5, 2, 1, 20]"
581,581,0.20880000000198606,348,-462.59999999999997,0.5586169991970452,126.73646545410156,"[5, 3, 1, 20]"
582,582,0.20880000000198606,348,-439.1,0.5580583821978482,119.20805358886719,"[5, 0, 1, 20]"
583,583,0.20880000000198606,348,-496.9,0.5575003238156504,100.54456329345703,"[2, 2, 1, 20]"
584,584,0.20880000000198606,348,-525.6,0.5569428234918348,126.13946533203125,"[4, 1, 1, 20]"
585,585,0.21060000000200318,351,-676.6,0.5563858806683429,107.65567016601562,"[3, 1, 0, 20]"
586,586,0.22320000000212303,372,-923.5,0.5558294947876746,99.73529052734375,"[2, 1, 1, 20]"
587,587,0.21060000000200318,351,-965.6,0.5552736652928869,79.39767456054688,"[0, 1, 1, 20]"
588,588,0.21060000000200318,351,-853.1000000000001,0.5547183916275941,124.27293395996094,"[0, 0, 1, 20]"
589,589,0.21060000000200318,351,-464.6,0.5541636732359665,96.20968627929688,"[2, 1, 0, 20]"
590,590,0.21780000000207167,363,-799.5,0.5536095095627305,68.69119262695312,"[1, 3, 0, 20]"
591,591,0.20880000000198606,348,-959.3,0.5530559000531677,87.32759094238281,"[2, 3, 0, 20]"
592,592,0.20880000000198606,348,-879.5,0.5525028441531146,115.59001922607422,"[4, 0, 0, 20]"
593,593,0.2124000000020203,354,-1070.3,0.5519503413089615,68.27534484863281,"[3, 0, 0, 20]"
594,594,0.21060000000200318,351,-548.4000000000001,0.5513983909676525,72.83967590332031,"[1, 2, 1, 20]"
595,595,0.20700000000196894,345,-609.3,0.5508469925766849,56.00743865966797,"[3, 1, 1, 20]"
596,596,0.20880000000198606,348,-499.9,0.5502961455841082,69.68683624267578,"[7, 3, 1, 20]"
597,597,0.23040000000219152,384,-962.1,0.5497458494385241,76.82177734375,"[0, 2, 1, 20]"
598,598,0.20880000000198606,348,-912.4000000000001,0.5491961035890855,67.91233825683594,"[2, 1, 0, 20]"
599,599,0.2124000000020203,354,-793.2,0.5486469074854965,50.35528564453125,"[1, 1, 0, 20]"
600,600,0.21420000000203743,357,-516.2,0.548098260578011,64.97059631347656,"[5, 0, 0, 20]"
601,601,0.21060000000200318,351,-469.5,0.547550162317433,49.089603424072266,"[5, 1, 1, 20]"
602,602,0.21060000000200318,351,-517.6,0.5470026121551156,45.10783767700195,"[5, 1, 1, 20]"
603,603,0.2196000000020888,366,-1103.7,0.5464556095429605,53.34465408325195,"[0, 3, 1, 20]"
604,604,0.21060000000200318,351,-782.3,0.5459091539334175,43.003231048583984,"[2, 3, 1, 20]"
605,605,0.21060000000200318,351,-508.1,0.5453632447794842,28.997888565063477,"[6, 3, 1, 20]"
606,606,0.20880000000198606,348,-404.70000000000005,0.5448178815347047,46.64888000488281,"[4, 1, 1, 20]"
607,607,0.20700000000196894,345,-332.4,0.54427306365317,41.93007278442383,"[2, 1, 1, 20]"
608,608,0.21060000000200318,351,-429.79999999999995,0.5437287905895168,29.088306427001953,"[4, 3, 0, 20]"
609,609,0.20880000000198606,348,-439.1,0.5431850617989273,40.24894332885742,"[6, 1, 0, 20]"
610,610,0.20879999999795018,348,-435.1,0.5426418767371284,31.823257446289062,"[9, 3, 0, 20]"
611,611,0.2087999999970407,348,-443.4,0.5420992348603912,37.14633560180664,"[2, 3, 1, 20]"
612,612,0.2069999999970662,345,-344.8,0.5415571356255309,35.56045150756836,"[5, 3, 1, 20]"
613,613,0.2069999999970662,345,-385.8,0.5410155784899053,31.717792510986328,"[2, 3, 0, 20]"
614,614,0.2087999999970407,348,-432.2,0.5404745629114154,32.57665252685547,"[3, 1, 0, 20]"
615,615,0.21239999999698966,354,-386.5,0.539934088348504,23.997806549072266,"[4, 2, 1, 20]"
616,616,0.2069999999970662,345,-400.2,0.5393941542601555,26.113544464111328,"[7, 2, 0, 20]"
617,617,0.21059999999701517,351,-424.4,0.5388547601058953,27.844493865966797,"[2, 2, 1, 20]"
618,618,0.21059999999701517,351,-727.0,0.5383159053457894,14.928194046020508,"[1, 1, 0, 20]"
619,619,0.2069999999970662,345,-515.5999999999999,0.5377775894404436,19.112163543701172,"[4, 2, 0, 20]"
620,620,0.21059999999701517,351,-495.8,0.5372398118510032,15.025707244873047,"[5, 0, 1, 20]"
621,621,0.21059999999701517,351,-608.0999999999999,0.5367025720391522,21.103267669677734,"[2, 2, 1, 20]"
622,622,0.21059999999701517,351,-661.1999999999999,0.536165869467113,17.07217025756836,"[2, 0, 0, 20]"
623,623,0.2069999999970662,345,-586.4,0.5356297035976458,16.46179962158203,"[2, 1, 0, 20]"
624,624,0.21059999999701517,351,-371.0,0.5350940738940482,17.674327850341797,"[8, 4, 1, 20]"
625,625,0.21059999999701517,351,-453.1,0.5345589798201541,13.383116722106934,"[4, 3, 1, 20]"
626,626,0.21059999999701517,351,-527.3,0.534024420840334,11.650106430053711,"[2, 2, 1, 20]"
627,627,0.21059999999701517,351,-819.3,0.5334903964194936,10.773822784423828,"[2, 1, 1, 20]"
628,628,0.21419999999696415,357,-934.3,0.5329569060230741,6.472760200500488,"[4, 1, 1, 20]"
629,629,0.21239999999698966,354,-795.5,0.532423949117051,12.441253662109375,"[3, 1, 1, 20]"
630,630,0.21059999999701517,351,-820.3,0.531891525167934,7.480800628662109,"[4, 6, 1, 20]"
631,631,0.2069999999970662,345,-420.30000000000007,0.5313596336427661,7.862089157104492,"[1, 3, 1, 20]"
632,632,0.2087999999970407,348,-422.9,0.5308282740091232,8.077515602111816,"[4, 1, 1, 20]"
633,633,0.2087999999970407,348,-375.2,0.5302974457351142,7.7793378829956055,"[6, 2, 1, 20]"
634,634,0.21059999999701517,351,-434.4,0.5297671482893791,5.788223743438721,"[4, 1, 0, 20]"
635,635,0.21059999999701517,351,-452.29999999999995,0.5292373811410898,3.3410472869873047,"[4, 2, 1, 20]"
636,636,0.21059999999701517,351,-426.79999999999995,0.5287081437599487,5.419557094573975,"[3, 0, 1, 20]"
637,637,0.2087999999970407,348,-330.3,0.5281794356161887,6.159796237945557,"[4, 1, 0, 20]"
638,638,0.2069999999970662,345,-448.2,0.5276512561805725,3.8110923767089844,"[7, 3, 0, 20]"
639,639,0.2087999999970407,348,-643.0,0.5271236049243919,4.953895568847656,"[5, 1, 0, 20]"
640,640,0.2069999999970662,345,-794.6,0.5265964813194676,4.502959251403809,"[3, 4, 0, 20]"
641,641,0.2087999999970407,348,-504.7,0.5260698848381481,3.1736369132995605,"[6, 2, 1, 20]"
642,642,0.2069999999970662,345,-445.7,0.5255438149533099,3.8217318058013916,"[5, 5, 1, 20]"
643,643,0.21059999999701517,351,-454.6,0.5250182711383566,3.724663019180298,"[3, 2, 0, 20]"
644,644,0.2069999999970662,345,-584.0,0.5244932528672183,1.6642111539840698,"[5, 4, 0, 20]"
645,645,0.21059999999701517,351,-572.2,0.5239687596143511,1.5545985698699951,"[5, 2, 0, 20]"
646,646,0.21059999999701517,351,-412.4,0.5234447908547367,1.4864258766174316,"[7, 2, 0, 20]"
647,647,0.2087999999970407,348,-357.40000000000003,0.522921346063882,2.234588146209717,"[1, 0, 1, 20]"
648,648,0.21059999999701517,351,-593.6,0.522398424717818,1.997636318206787,"[3, 1, 0, 20]"
649,649,0.21059999999701517,351,-474.90000000000003,0.5218760262931003,1.7610317468643188,"[5, 1, 0, 20]"
650,650,0.2051999999970917,342,-561.7,0.5213541502668072,2.2203221321105957,"[3, 4, 0, 20]"
651,651,0.2087999999970407,348,-387.8,0.5208327961165404,1.3376818895339966,"[5, 2, 1, 20]"
652,652,0.21239999999698966,354,-569.9000000000001,0.5203119633204238,1.6670359373092651,"[4, 1, 1, 20]"
653,653,0.21059999999701517,351,-510.49999999999994,0.5197916513571034,1.189171314239502,"[3, 2, 1, 20]"
654,654,0.2087999999970407,348,-446.6,0.5192718597057463,1.267585277557373,"[4, 1, 1, 20]"
655,655,0.21059999999701517,351,-755.0999999999999,0.5187525878460405,1.2356222867965698,"[2, 1, 0, 20]"
656,656,0.2087999999970407,348,-1003.8000000000001,0.5182338352581944,0.8981624841690063,"[0, 1, 0, 20]"
657,657,0.2087999999970407,348,-395.2,0.5177156014229363,1.169581651687622,"[4, 1, 1, 20]"
658,658,0.21239999999698966,354,-690.9000000000001,0.5171978858215134,0.724791407585144,"[1, 4, 1, 20]"
659,659,0.2087999999970407,348,-888.1999999999999,0.5166806879356919,0.7803081274032593,"[1, 2, 0, 20]"
660,660,0.2087999999970407,348,-583.0,0.5161640072477562,0.6320131421089172,"[2, 3, 1, 20]"
661,661,0.2087999999970407,348,-589.6,0.5156478432405085,0.682908296585083,"[3, 1, 1, 20]"
662,662,0.2087999999970407,348,-375.1,0.515132195397268,0.48745056986808777,"[2, 2, 1, 20]"
663,663,0.2087999999970407,348,-567.5,0.5146170632018707,0.47096583247184753,"[0, 1, 0, 20]"
664,664,0.21059999999701517,351,-490.0,0.5141024461386688,0.38135427236557007,"[5, 3, 1, 20]"
665,665,0.21059999999701517,351,-679.3,0.5135883436925301,0.42109960317611694,"[4, 3, 0, 20]"
666,666,0.2069999999970662,345,-418.40000000000003,0.5130747553488376,0.5037529468536377,"[4, 3, 0, 20]"
667,667,0.2087999999970407,348,-465.9,0.5125616805934888,0.29024285078048706,"[6, 3, 0, 20]"
668,668,0.2087999999970407,348,-379.1,0.5120491189128954,0.2369449883699417,"[6, 2, 0, 20]"
669,669,0.2087999999970407,348,-454.2,0.5115370697939825,0.28681761026382446,"[4, 1, 0, 20]"
670,670,0.2087999999970407,348,-470.2,0.5110255327241885,0.25659239292144775,"[3, 3, 0, 20]"
671,671,0.21059999999701517,351,-475.9,0.5105145071914643,0.25308728218078613,"[4, 1, 0, 20]"
672,672,0.2051999999970917,342,-545.8,0.5100039926842729,0.17564725875854492,"[4, 2, 0, 20]"
673,673,0.2087999999970407,348,-498.1,0.5094939886915886,0.21438223123550415,"[3, 2, 0, 20]"
674,674,0.21059999999701517,351,-500.9,0.508984494702897,0.21679767966270447,"[0, 2, 1, 20]"
675,675,0.21059999999701517,351,-451.20000000000005,0.508475510208194,0.17545607686042786,"[1, 4, 0, 20]"
676,676,0.2087999999970407,348,-447.29999999999995,0.5079670346979859,0.11981342732906342,"[6, 1, 0, 20]"
677,677,0.2069999999970662,345,-581.0,0.5074590676632879,0.10853074491024017,"[3, 0, 0, 20]"
678,678,0.21239999999698966,354,-536.8,0.5069516085956246,0.08006212115287781,"[3, 4, 1, 20]"
679,679,0.21059999999701517,351,-526.7,0.506444656987029,0.07339590042829514,"[3, 3, 2, 20]"
680,680,0.21059999999701517,351,-452.9,0.505938212330042,0.06092791631817818,"[5, 0, 0, 20]"
681,681,0.2087999999970407,348,-521.9,0.505432274117712,0.0906270295381546,"[6, 1, 1, 20]"
682,682,0.21059999999701517,351,-474.4,0.5049268418435943,0.0959218293428421,"[4, 3, 1, 20]"
683,683,0.2087999999970407,348,-492.20000000000005,0.5044219150017507,0.07769642770290375,"[0, 3, 1, 20]"
684,684,0.2069999999970662,345,-557.7,0.5039174930867489,0.06894827634096146,"[4, 0, 0, 20]"
685,685,0.2087999999970407,348,-591.9,0.5034135755936622,0.0713440477848053,"[2, 2, 0, 20]"
686,686,0.2087999999970407,348,-484.1,0.5029101620180685,0.08239150792360306,"[0, 3, 1, 20]"
687,687,0.2087999999970407,348,-595.4,0.5024072518560504,0.064015232026577,"[5, 1, 1, 20]"
688,688,0.21059999999701517,351,-485.6,0.5019048446041944,0.03804267197847366,"[5, 2, 1, 20]"
689,689,0.21239999999698966,354,-468.3,0.5014029397595902,0.04523320496082306,"[7, 6, 1, 20]"
690,690,0.2087999999970407,348,-527.9,0.5009015368198305,0.03903881832957268,"[1, 5, 1, 20]"
691,691,0.2087999999970407,348,-595.3,0.5004006352830107,0.038647547364234924,"[0, 1, 1, 20]"
692,692,0.21059999999701517,351,-536.7,0.4999002346477277,0.05143449828028679,"[2, 3, 1, 20]"
693,693,0.21059999999701517,351,-629.6,0.49940033441307996,0.03831581026315689,"[2, 4, 1, 20]"
694,694,0.21059999999701517,351,-667.3,0.49890093407866687,0.06712885946035385,"[4, 4, 1, 20]"
695,695,0.2087999999970407,348,-609.0999999999999,0.4984020331445882,0.04280587658286095,"[3, 2, 1, 20]"
696,696,0.21059999999701517,351,-623.8,0.4979036311114436,0.04649228975176811,"[4, 1, 0, 20]"
697,697,0.2087999999970407,348,-551.8,0.4974057274803321,0.07639877498149872,"[2, 1, 1, 20]"
698,698,0.2213999999968621,369,-568.8,0.49690832175285177,0.05537210777401924,"[2, 3, 1, 20]"
699,699,0.2087999999970407,348,-472.7,0.4964114134310989,0.08963079750537872,"[5, 2, 0, 20]"
700,700,0.21059999999701517,351,-498.70000000000005,0.4959150020176678,0.08170048892498016,"[2, 4, 1, 20]"
701,701,0.21779999999691313,363,-585.0999999999999,0.49541908701565013,0.0585428923368454,"[2, 3, 1, 20]"
702,702,0.21059999999701517,351,-602.1,0.49492366792863446,0.07497794926166534,"[1, 0, 0, 20]"
703,703,0.2069999999970662,345,-552.1,0.4944287442607058,0.03651359677314758,"[2, 4, 1, 20]"
704,704,0.2087999999970407,348,-653.3,0.4939343155164451,0.03725181519985199,"[0, 4, 1, 20]"
705,705,0.2069999999970662,345,-412.2,0.4934403812009287,0.05601964890956879,"[1, 3, 1, 20]"
706,706,0.2087999999970407,348,-439.2,0.4929469408197278,0.04036908224225044,"[6, 2, 1, 20]"
707,707,0.2069999999970662,345,-652.0,0.49245399387890804,0.10460346937179565,"[4, 2, 0, 20]"
708,708,0.2087999999970407,348,-542.3,0.4919615398850291,0.05810336768627167,"[5, 2, 0, 20]"
709,709,0.2069999999970662,345,-466.0,0.4914695783451441,0.047244079411029816,"[5, 4, 1, 20]"
710,710,0.2087999999970407,348,-544.0,0.4909781087667989,0.0412319116294384,"[4, 1, 1, 20]"
711,711,0.2087999999970407,348,-472.9,0.4904871306580321,0.04204557463526726,"[5, 2, 1, 20]"
712,712,0.2087999999970407,348,-500.29999999999995,0.4899966435273741,0.10164996236562729,"[1, 2, 0, 20]"
713,713,0.21059999999701517,351,-581.5999999999999,0.4895066468838467,0.0922083705663681,"[1, 1, 1, 20]"
714,714,0.2087999999970407,348,-565.0,0.48901714023696286,0.095039002597332,"[1, 3, 1, 20]"
715,715,0.2087999999970407,348,-547.1,0.4885281230967259,0.09157783538103104,"[2, 2, 0, 20]"
716,716,0.2087999999970407,348,-590.0,0.48803959497362914,0.2707477807998657,"[1, 5, 1, 20]"
717,717,0.2087999999970407,348,-558.8,0.4875515553786555,0.11599797010421753,"[1, 2, 1, 20]"
718,718,0.2087999999970407,348,-533.3,0.48706400382327686,0.07905969768762589,"[7, 3, 1, 20]"
719,719,0.2087999999970407,348,-508.6,0.4865769398194536,0.06200690567493439,"[2, 3, 1, 20]"
720,720,0.21059999999701517,351,-611.3000000000001,0.48609036287963414,0.05461057275533676,"[2, 1, 0, 20]"
721,721,0.21059999999701517,351,-464.4,0.48560427251675453,0.045532144606113434,"[7, 1, 1, 20]"
722,722,0.21059999999701517,351,-647.5,0.48511866824423777,0.0389934778213501,"[4, 2, 1, 20]"
723,723,0.21239999999698966,354,-605.3,0.4846335495759935,0.04754624143242836,"[4, 3, 0, 20]"
724,724,0.21059999999701517,351,-494.0,0.4841489160264175,0.051694564521312714,"[2, 2, 1, 20]"
725,725,0.2087999999970407,348,-504.20000000000005,0.4836647671103911,0.040042195469141006,"[5, 5, 1, 20]"
726,726,0.2087999999970407,348,-474.0,0.4831811023432807,0.052586182951927185,"[5, 1, 0, 20]"
727,727,0.2087999999970407,348,-469.8,0.4826979212409374,0.08177438378334045,"[3, 2, 1, 20]"
728,728,0.21239999999698966,354,-566.9,0.48221522331969646,0.06179811805486679,"[5, 3, 1, 20]"
729,729,0.2069999999970662,345,-429.8,0.48173300809637676,0.07606096565723419,"[10, 0, 1, 20]"
730,730,0.2087999999970407,348,-551.9,0.48125127508828036,0.06474646925926208,"[3, 1, 1, 20]"
731,731,0.2069999999970662,345,-496.9,0.48077002381319206,0.05309823900461197,"[6, 3, 1, 20]"
732,732,0.2087999999970407,348,-563.0,0.48028925378937887,0.06031643599271774,"[6, 1, 0, 20]"
733,733,0.2069999999970662,345,-577.5,0.47980896453558947,0.10025133937597275,"[6, 2, 1, 20]"
734,734,0.2087999999970407,348,-480.3,0.4793291555710539,0.0725196972489357,"[6, 2, 0, 20]"
735,735,0.21059999999701517,351,-524.4,0.47884982641548285,0.058064937591552734,"[2, 3, 0, 20]"
736,736,0.2069999999970662,345,-536.1999999999999,0.47837097658906735,0.06163318455219269,"[4, 0, 0, 20]"
737,737,0.2069999999970662,345,-563.4,0.47789260561247826,0.09072398394346237,"[3, 5, 1, 20]"
738,738,0.2087999999970407,348,-621.0,0.4774147130068658,0.08832725137472153,"[7, 2, 1, 20]"
739,739,0.22499999999681108,375,-463.7,0.4769372982938589,0.07448816299438477,"[7, 1, 0, 20]"
740,740,0.2069999999970662,345,-464.0,0.47646036099556505,0.07074679434299469,"[7, 0, 0, 20]"
741,741,0.2087999999970407,348,-660.9,0.47598390063456947,0.04622380807995796,"[5, 1, 0, 20]"
742,742,0.2069999999970662,345,-553.5,0.4755079167339349,0.06349627673625946,"[6, 1, 0, 20]"
743,743,0.2087999999970407,348,-549.4000000000001,0.47503240881720094,0.03975149989128113,"[2, 6, 1, 20]"
744,744,0.2069999999970662,345,-530.3,0.47455737640838375,0.06479872763156891,"[4, 1, 1, 20]"
745,745,0.2087999999970407,348,-466.9,0.47408281903197536,0.067514568567276,"[5, 1, 0, 20]"
746,746,0.2087999999970407,348,-484.29999999999995,0.47360873621294336,0.05638617277145386,"[5, 0, 0, 20]"
747,747,0.21059999999701517,351,-521.8,0.4731351274767304,0.08274149894714355,"[9, 5, 1, 20]"
748,748,0.2087999999970407,348,-519.0,0.4726619923492537,0.07897496223449707,"[0, 1, 0, 20]"
749,749,0.2087999999970407,348,-454.3,0.47218933035690447,0.07072517275810242,"[8, 2, 1, 20]"
750,750,0.2087999999970407,348,-686.6000000000001,0.47171714102654755,0.06043817102909088,"[3, 0, 0, 20]"
751,751,0.2069999999970662,345,-519.5,0.471245423885521,0.13078632950782776,"[4, 1, 1, 20]"
752,752,0.2069999999970662,345,-449.8,0.47077417846163544,0.11470184475183487,"[11, 5, 1, 20]"
753,753,0.2069999999970662,345,-526.0,0.4703034042831738,0.09652134031057358,"[6, 2, 0, 20]"
754,754,0.2087999999970407,348,-456.4,0.46983310087889063,0.07050877809524536,"[8, 2, 1, 20]"
755,755,0.2069999999970662,345,-683.2,0.46936326777801174,0.0561218224465847,"[2, 4, 1, 20]"
756,756,0.2069999999970662,345,-514.9000000000001,0.4688939045102337,0.05564964562654495,"[4, 2, 1, 20]"
757,757,0.21059999999701517,351,-516.8,0.4684250106057235,0.06694649159908295,"[3, 4, 0, 20]"
758,758,0.2069999999970662,345,-596.3,0.46795658559511777,0.08863164484500885,"[7, 2, 1, 20]"
759,759,0.2087999999970407,348,-568.1,0.46748862900952265,0.07302902638912201,"[3, 3, 1, 20]"
760,760,0.2069999999970662,345,-514.8000000000001,0.4670211403805131,0.05444197356700897,"[4, 1, 1, 20]"
761,761,0.2069999999970662,345,-511.9,0.4665541192401326,0.07584153115749359,"[2, 2, 0, 20]"
762,762,0.2069999999970662,345,-426.6,0.4660875651208925,0.04802646487951279,"[8, 0, 1, 20]"
763,763,0.2087999999970407,348,-445.5,0.4656214775557716,0.051086243242025375,"[6, 1, 1, 20]"
764,764,0.2069999999970662,345,-510.2,0.46515585607821586,0.043831296265125275,"[4, 0, 0, 20]"
765,765,0.2087999999970407,348,-465.2,0.46469070022213765,0.05550414323806763,"[6, 3, 0, 20]"
766,766,0.2087999999970407,348,-502.4,0.4642260095219155,0.08151165395975113,"[5, 2, 1, 20]"
767,767,0.2087999999970407,348,-501.5,0.4637617835123936,0.0782187432050705,"[3, 2, 1, 20]"
768,768,0.2069999999970662,345,-792.7,0.46329802172888124,0.08352768421173096,"[1, 3, 1, 20]"
769,769,0.2069999999970662,345,-423.7,0.46283472370715234,0.0913381353020668,"[7, 2, 1, 20]"
770,770,0.2087999999970407,348,-527.3,0.46237188898344517,0.05666743963956833,"[6, 2, 0, 20]"
771,771,0.2069999999970662,345,-528.0,0.4619095170944617,0.05843912810087204,"[3, 4, 0, 20]"
772,772,0.21059999999701517,351,-651.0,0.46144760757736725,0.055994171649217606,"[4, 0, 0, 20]"
773,773,0.21059999999701517,351,-582.5,0.46098615996978987,0.05317527800798416,"[4, 2, 0, 20]"
774,774,0.2087999999970407,348,-495.29999999999995,0.46052517380982005,0.04668129235506058,"[5, 2, 0, 20]"
775,775,0.2069999999970662,345,-421.79999999999995,0.4600646486360102,0.07371120899915695,"[10, 2, 1, 20]"
776,776,0.2069999999970662,345,-457.7,0.4596045839873742,0.05033404380083084,"[6, 2, 1, 20]"
777,777,0.2087999999970407,348,-483.9,0.45914497940338683,0.04816655442118645,"[3, 2, 1, 20]"
778,778,0.2087999999970407,348,-522.5,0.4586858344239834,0.0570882149040699,"[5, 2, 0, 20]"
779,779,0.2087999999970407,348,-538.2,0.45822714858955943,0.06067231297492981,"[5, 3, 1, 20]"
780,780,0.2069999999970662,345,-517.4,0.45776892144096987,0.03605537861585617,"[8, 3, 1, 20]"
781,781,0.21059999999701517,351,-471.9,0.4573111525195289,0.07712335884571075,"[6, 1, 0, 20]"
782,782,0.2069999999970662,345,-538.2,0.4568538413670094,0.0693439245223999,"[5, 5, 1, 20]"
783,783,0.2087999999970407,348,-773.1,0.4563969875256424,0.10089346021413803,"[1, 2, 1, 20]"
784,784,0.2087999999970407,348,-664.2,0.45594059053811675,0.1454513967037201,"[5, 2, 1, 20]"
785,785,0.21419999999696415,357,-578.8999999999999,0.45548464994757865,0.16803698241710663,"[7, 1, 0, 20]"
786,786,0.21059999999701517,351,-535.4000000000001,0.45502916529763104,0.14576323330402374,"[4, 0, 0, 20]"
787,787,0.2069999999970662,345,-428.6,0.45457413613233344,0.07279248535633087,"[6, 2, 1, 20]"
788,788,0.2069999999970662,345,-412.5,0.4541195619962011,0.04691082239151001,"[8, 2, 0, 20]"
789,789,0.2069999999970662,345,-520.9,0.4536654424342049,0.033235542476177216,"[7, 2, 0, 20]"
790,790,0.2069999999970662,345,-610.2,0.45321177699177073,0.04058825969696045,"[3, 2, 1, 20]"
791,791,0.2069999999970662,345,-446.09999999999997,0.452758565214779,0.05269854888319969,"[6, 3, 1, 20]"
792,792,0.2069999999970662,345,-557.9,0.4523058066495642,0.037654560059309006,"[2, 2, 0, 20]"
793,793,0.2069999999970662,345,-476.6,0.45185350084291465,0.057000063359737396,"[9, 0, 1, 20]"
794,794,0.2069999999970662,345,-392.7,0.4514016473420717,0.06025663763284683,"[8, 2, 1, 20]"
795,795,0.2087999999970407,348,-491.6,0.45095024569472963,0.05263383686542511,"[9, 3, 1, 20]"
796,796,0.2069999999970662,345,-469.3,0.4504992954490349,0.04147527366876602,"[3, 4, 1, 20]"
797,797,0.21059999999701517,351,-460.0,0.45004879615358584,0.061829574406147,"[1, 0, 0, 20]"
798,798,0.2087999999970407,348,-444.9,0.44959874735743227,0.04153706878423691,"[5, 4, 1, 20]"
799,799,0.2087999999970407,348,-537.2,0.4491491486100748,0.055545780807733536,"[6, 3, 1, 20]"
800,800,0.2087999999970407,348,-536.0,0.44869999946146477,0.04674273729324341,"[3, 2, 1, 20]"
801,801,0.2087999999970407,348,-462.09999999999997,0.4482512994620033,0.06770144402980804,"[4, 2, 0, 20]"
802,802,0.2069999999970662,345,-526.3,0.4478030481625413,0.06778635829687119,"[4, 2, 1, 20]"
803,803,0.2087999999970407,348,-585.1,0.44735524511437874,0.07933464646339417,"[4, 4, 1, 20]"
804,804,0.2069999999970662,345,-504.9,0.4469078898692644,0.06847674399614334,"[6, 3, 0, 20]"
805,805,0.21059999999701517,351,-497.99999999999994,0.4464609819793951,0.07773896306753159,"[7, 4, 0, 20]"
806,806,0.2087999999970407,348,-518.9000000000001,0.44601452099741573,0.05201267451047897,"[3, 2, 1, 20]"
807,807,0.2069999999970662,345,-422.6,0.4455685064764183,0.05102943629026413,"[5, 1, 1, 20]"
808,808,0.2087999999970407,348,-538.6,0.4451229379699419,0.06064335256814957,"[6, 0, 1, 20]"
809,809,0.2069999999970662,345,-508.5999999999999,0.44467781503197196,0.037454769015312195,"[3, 2, 0, 20]"
810,810,0.21059999999701517,351,-671.0,0.44423313721693997,0.06337437778711319,"[1, 4, 1, 20]"
811,811,0.2069999999970662,345,-570.7,0.44378890407972305,0.061141062527894974,"[3, 3, 1, 20]"
812,812,0.2069999999970662,345,-564.1999999999999,0.44334511517564335,0.05461219698190689,"[3, 0, 0, 20]"
813,813,0.2087999999970407,348,-387.1,0.4429017700604677,0.03259149193763733,"[8, 3, 2, 20]"
