,Episode,Duration,Slots,Score,Epsilon,min_loss,success rate,success_rate
0,0,0.11599999999999952,290,-130.79999999999995,0.997,0.2000615894794464,,"[4, 7, 4, 6]"
1,1,0.1120000000000029,280,-129.6,0.994009,0.13875076174736023,,"[5, 5, 4, 5]"
2,2,0.1080000000000031,270,-108.0,0.991026973,0.11497098207473755,,"[12, 2, 4, 10]"
3,3,0.11200000000000321,280,-128.39999999999998,0.988053892081,0.09852202981710434,,"[5, 6, 4, 16]"
4,4,0.11599999999999444,290,-142.79999999999995,0.985089730404757,0.11232847720384598,,"[2, 3, 4, 12]"
5,5,0.11999999999998678,300,-141.59999999999997,0.9821344612135428,0.10106691718101501,,"[2, 4, 4, 18]"
6,6,0.11199999999998766,280,-130.8,0.9791880578299021,0.10091915726661682,,"[4, 7, 4, 7]"
7,7,0.11599999999998722,290,-131.99999999999994,0.9762504936564125,0.11711321771144867,,"[4, 6, 4, 5]"
8,8,0.11599999999998722,290,-121.19999999999996,0.9733217421754432,0.10969728231430054,,"[7, 6, 4, 7]"
9,9,0.12399999999998634,310,-137.99999999999997,0.9704017769489168,0.10341586172580719,,"[3, 4, 4, 6]"
10,10,0.11199999999998766,280,-137.99999999999997,0.9674905716180701,0.10475872457027435,,"[2, 7, 4, 9]"
11,11,0.11199999999998766,280,-135.6,0.9645880999032158,0.10855324566364288,,"[4, 3, 4, 4]"
12,12,0.1079999999999881,270,-121.2,0.9616943356035061,0.10396654903888702,,"[7, 6, 4, 8]"
13,13,0.11599999999998722,290,-139.2,0.9588092525966956,0.10343874990940094,,"[3, 3, 4, 9]"
14,14,0.11999999999998678,300,-134.39999999999998,0.9559328248389055,0.11607977747917175,,"[4, 4, 4, 9]"
15,15,0.11199999999998766,280,-132.0,0.9530650263643888,0.10771489888429642,,"[5, 3, 4, 9]"
16,16,0.11199999999998766,280,-111.59999999999998,0.9502058312852957,0.10036399215459824,,"[9, 8, 4, 11]"
17,17,0.11199999999998766,280,-123.6,0.9473552137914398,0.10245239734649658,,"[7, 4, 4, 5]"
18,18,0.11999999999998678,300,-136.79999999999995,0.9445131481500655,0.10243383049964905,,"[3, 5, 4, 7]"
19,19,0.11999999999998678,300,-145.19999999999996,0.9416796087056153,0.10914178192615509,,"[1, 4, 4, 4]"
20,20,0.11199999999998766,280,-134.39999999999998,0.9388545698794984,0.09069763123989105,,"[4, 4, 4, 8]"
21,21,0.11599999999998722,290,-133.19999999999996,0.93603800616986,0.09956920146942139,,"[4, 5, 4, 12]"
22,22,0.1079999999999881,270,-121.19999999999997,0.9332298921513504,0.09669798612594604,,"[8, 3, 4, 11]"
23,23,0.11199999999998766,280,-128.39999999999998,0.9304302024748964,0.09455331414937973,,"[6, 3, 4, 7]"
24,24,0.11199999999998766,280,-139.2,0.9276389118674717,0.09447909891605377,,"[2, 6, 4, 6]"
25,25,0.1079999999999881,270,-139.2,0.9248559951318693,0.09230124950408936,,"[3, 3, 4, 4]"
26,26,0.11199999999998766,280,-135.6,0.9220814271464737,0.10239711403846741,,"[3, 6, 4, 7]"
27,27,0.11199999999998766,280,-144.0,0.9193151828650342,0.1014300286769867,,"[1, 5, 4, 8]"
28,28,0.1079999999999881,270,-132.0,0.9165572373164391,0.10618096590042114,,"[5, 3, 4, 6]"
29,29,0.12399999999998634,310,-141.59999999999997,0.9138075656044898,0.09817090630531311,,"[3, 1, 4, 4]"
30,30,0.11999999999998678,300,-146.39999999999998,0.9110661429076764,0.11395628750324249,,"[0, 6, 4, 15]"
31,31,0.11199999999998766,280,-126.0,0.9083329444789534,0.11374463140964508,,"[6, 5, 4, 6]"
32,32,0.12399999999998634,310,-145.2,0.9056079456455165,0.10436606407165527,,"[1, 4, 4, 10]"
33,33,0.12399999999998634,310,-141.59999999999997,0.90289112180858,0.10490550100803375,,"[2, 4, 4, 11]"
34,34,0.11999999999998723,300,-143.99999999999994,0.9001824484431542,0.09352217614650726,,"[1, 5, 4, 9]"
35,35,0.11599999999998722,290,-146.40000000000003,0.8974819010978248,0.09528706967830658,,"[1, 3, 4, 5]"
36,36,0.11599999999998722,290,-128.39999999999998,0.8947894553945313,0.08964398503303528,,"[5, 6, 4, 12]"
37,37,0.12399999999998634,310,-141.59999999999997,0.8921050870283477,0.09155546873807907,,"[2, 4, 4, 5]"
38,38,0.11199999999998766,280,-142.8,0.8894287717672626,0.09032656252384186,,"[2, 3, 4, 3]"
39,39,0.11199999999998766,280,-144.0,0.8867604854519608,0.08444711565971375,,"[1, 5, 4, 4]"
40,40,0.13199999999998546,330,-135.59999999999997,0.884100203995605,0.09048053622245789,,"[4, 3, 4, 5]"
41,41,0.11999999999998678,300,-144.0,0.8814479033836181,0.0912855938076973,,"[2, 2, 4, 5]"
42,42,0.11599999999998722,290,-147.59999999999997,0.8788035596734672,0.09858449548482895,,"[1, 2, 4, 6]"
43,43,0.11999999999998678,300,-141.59999999999997,0.8761671489944468,0.09017321467399597,,"[2, 4, 4, 6]"
44,44,0.11599999999998722,290,-136.79999999999995,0.8735386475474635,0.08459864556789398,,"[4, 2, 4, 6]"
45,45,0.11999999999998678,300,-141.59999999999997,0.8709180316048211,0.09885292500257492,,"[2, 4, 4, 7]"
46,46,0.11599999999998722,290,-142.79999999999995,0.8683052775100066,0.09272852540016174,,"[2, 3, 4, 7]"
47,47,0.11599999999998722,290,-129.60000000000002,0.8657003616774767,0.09837748110294342,,"[5, 5, 4, 8]"
48,48,0.1079999999999881,270,-129.6,0.8631032605924442,0.08536994457244873,,"[5, 5, 4, 4]"
49,49,0.11999999999998678,300,-133.20000000000002,0.860513950810667,0.10053165256977081,,"[5, 2, 4, 8]"
50,50,0.11199999999998766,280,-120.0,0.857932408958235,0.0994667336344719,,"[8, 4, 4, 7]"
51,51,0.11199999999998766,280,-127.19999999999999,0.8553586117313603,0.08992864936590195,,"[6, 4, 4, 6]"
52,52,0.11999999999998678,300,-133.2,0.8527925358961662,0.09338073432445526,,"[5, 2, 4, 6]"
53,53,0.11199999999998766,280,-146.39999999999998,0.8502341582884777,0.09147147834300995,,"[1, 3, 4, 8]"
54,54,0.11599999999998722,290,-136.79999999999995,0.8476834558136123,0.09440213441848755,,"[3, 5, 4, 5]"
55,55,0.11999999999998678,300,-130.8,0.8451404054461714,0.0864507332444191,,"[5, 4, 4, 10]"
56,56,0.11199999999998766,280,-134.39999999999998,0.8426049842298329,0.08504799008369446,,"[3, 7, 4, 12]"
57,57,0.11199999999998766,280,-139.2,0.8400771692771434,0.08547860383987427,,"[2, 6, 4, 6]"
58,58,0.11199999999998766,280,-130.79999999999998,0.837556937769312,0.09562744200229645,,"[5, 4, 4, 15]"
59,59,0.11999999999998678,300,-128.4,0.835044266956004,0.09211142361164093,,"[5, 6, 4, 9]"
60,60,0.11599999999998722,290,-141.59999999999997,0.8325391341551359,0.08929607272148132,,"[2, 4, 4, 6]"
61,61,0.11199999999998766,280,-135.6,0.8300415167526705,0.09214695543050766,,"[4, 3, 4, 11]"
62,62,0.11599999999998722,290,-135.59999999999997,0.8275513922024125,0.08962713927030563,,"[4, 3, 4, 9]"
63,63,0.11999999999998678,300,-146.4,0.8250687380258053,0.08235550671815872,,"[1, 3, 4, 5]"
64,64,0.11199999999998766,280,-123.59999999999998,0.8225935318117279,0.09694989025592804,,"[7, 4, 4, 7]"
65,65,0.11599999999998722,290,-130.79999999999995,0.8201257512162927,0.08499717712402344,,"[5, 4, 4, 17]"
66,66,0.11199999999998766,280,-130.79999999999998,0.8176653739626438,0.0909695029258728,,"[5, 4, 4, 5]"
67,67,0.1079999999999881,270,-127.19999999999997,0.8152123778407558,0.08954060822725296,,"[6, 4, 4, 12]"
68,68,0.11999999999998678,300,-147.59999999999997,0.8127667407072335,0.0977550521492958,,"[1, 2, 4, 9]"
69,69,0.10800000000014798,270,-127.2,0.8103284404851119,0.09141363948583603,,"[6, 4, 4, 12]"
70,70,0.11200000000023635,280,-124.79999999999998,0.8078974551636565,0.0978035032749176,,"[7, 3, 4, 15]"
71,71,0.1160000000002448,290,-136.79999999999995,0.8054737627981655,0.07944943010807037,,"[4, 2, 4, 4]"
72,72,0.1160000000002448,290,-131.99999999999997,0.803057341509771,0.0801546722650528,,"[5, 3, 4, 6]"
73,73,0.11200000000023635,280,-124.79999999999998,0.8006481694852418,0.0848677009344101,,"[6, 6, 4, 10]"
74,74,0.1160000000002448,290,-136.8,0.798246224976786,0.0788303017616272,,"[3, 5, 4, 5]"
75,75,0.1160000000002448,290,-145.2,0.7958514863018556,0.07859774678945541,,"[1, 4, 4, 12]"
76,76,0.12400000000026168,310,-139.2,0.79346393184295,0.08851221203804016,,"[2, 6, 4, 11]"
77,77,0.12000000000025324,300,-128.4,0.7910835400474212,0.08074114471673965,,"[5, 6, 4, 5]"
78,78,0.11200000000023635,280,-115.2,0.7887102894272789,0.09382112324237823,,"[9, 5, 4, 5]"
79,79,0.12000000000025324,300,-134.39999999999995,0.7863441585589971,0.08351793885231018,,"[3, 7, 4, 4]"
80,80,0.10800000000022791,270,-136.79999999999998,0.78398512608332,0.0888109803199768,,"[3, 5, 4, 7]"
81,81,0.12000000000025324,300,-140.39999999999998,0.7816331707050701,0.0826302170753479,,"[3, 2, 4, 8]"
82,82,0.10800000000022791,270,-132.0,0.7792882711929549,0.08036155998706818,,"[5, 3, 4, 6]"
83,83,0.12000000000025324,300,-121.19999999999997,0.776950406379376,0.08617857843637466,,"[8, 3, 4, 9]"
84,84,0.11200000000023635,280,-136.79999999999998,0.7746195551602378,0.08340203762054443,,"[3, 5, 4, 6]"
85,85,0.1160000000002448,290,-141.59999999999994,0.7722956964947572,0.08516149967908859,,"[3, 1, 4, 12]"
86,86,0.1160000000002448,290,-140.4,0.7699788094052729,0.0830535888671875,,"[3, 2, 4, 5]"
87,87,0.11200000000023635,280,-140.39999999999998,0.767668872977057,0.08459184318780899,,"[1, 8, 4, 9]"
88,88,0.1160000000002448,290,-138.00000000000006,0.7653658663581259,0.08780329674482346,,"[3, 4, 4, 8]"
89,89,0.12400000000026168,310,-132.0,0.7630697687590515,0.07879422605037689,,"[4, 6, 4, 8]"
90,90,0.11200000000023635,280,-122.39999999999998,0.7607805594527743,0.07998286932706833,,"[8, 2, 4, 8]"
91,91,0.10800000000022791,270,-125.99999999999997,0.7584982177744161,0.07332456111907959,,"[7, 2, 4, 10]"
92,92,0.11200000000023635,280,-138.0,0.7562227231210928,0.07151753455400467,,"[3, 4, 4, 4]"
93,93,0.11200000000023635,280,-147.6,0.7539540549517295,0.07330640405416489,,"[1, 2, 4, 9]"
94,94,0.11200000000023635,280,-139.2,0.7516921927868743,0.08256909251213074,,"[2, 6, 4, 6]"
95,95,0.12400000000026168,310,-117.59999999999997,0.7494371162085136,0.0792904943227768,,"[8, 6, 4, 12]"
96,96,0.10800000000022791,270,-126.0,0.747188804859888,0.081078439950943,,"[6, 5, 4, 9]"
97,97,0.12000000000025324,300,-124.79999999999995,0.7449472384453084,0.07027806341648102,,"[6, 6, 4, 10]"
98,98,0.11200000000023635,280,-127.19999999999999,0.7427123967299725,0.08505894243717194,,"[6, 4, 4, 9]"
99,99,0.1160000000002448,290,-103.20000000000002,0.7404842595397826,0.08171901851892471,,"[12, 6, 4, 4]"
100,100,0.10800000000022791,270,-128.39999999999998,0.7382628067611632,0.07525297999382019,,"[5, 6, 4, 3]"
101,101,0.11200000000023635,280,-151.2,0.7360480183408797,0.06585077196359634,,"[0, 2, 4, 8]"
102,102,0.1160000000002448,290,-130.79999999999998,0.7338398742858571,0.07314269244670868,,"[4, 7, 4, 8]"
103,103,0.11200000000023635,280,-123.6,0.7316383546629995,0.06479305028915405,,"[7, 4, 4, 11]"
104,104,0.1160000000002448,290,-131.99999999999997,0.7294434395990105,0.07705830782651901,,"[5, 3, 4, 9]"
105,105,0.11200000000023635,280,-133.2,0.7272551092802134,0.07646099478006363,,"[4, 5, 4, 7]"
106,106,0.11200000000023635,280,-136.79999999999998,0.7250733439523728,0.08359374850988388,,"[3, 5, 4, 7]"
107,107,0.1160000000002448,290,-138.0,0.7228981239205157,0.08013959228992462,,"[3, 4, 4, 11]"
108,108,0.1160000000002448,290,-134.39999999999998,0.7207294295487541,0.07415558397769928,,"[4, 4, 4, 8]"
109,109,0.11200000000023635,280,-133.2,0.7185672412601078,0.07057955861091614,,"[4, 5, 4, 6]"
110,110,0.10800000000022791,270,-132.0,0.7164115395363275,0.07290874421596527,,"[4, 6, 4, 7]"
111,111,0.11200000000023635,280,-126.0,0.7142623049177186,0.07245177030563354,,"[6, 5, 4, 2]"
112,112,0.1160000000002448,290,-129.59999999999997,0.7121195180029655,0.0745331346988678,,"[5, 5, 4, 6]"
113,113,0.11200000000023635,280,-126.0,0.7099831594489566,0.07720594853162766,,"[5, 8, 4, 4]"
114,114,0.1160000000002448,290,-135.59999999999997,0.7078532099706097,0.0723714604973793,,"[3, 6, 4, 14]"
115,115,0.10800000000022791,270,-133.2,0.7057296503406979,0.06810420751571655,,"[5, 2, 4, 9]"
116,116,0.1160000000002448,290,-129.59999999999997,0.7036124613896758,0.07701310515403748,,"[5, 5, 4, 12]"
117,117,0.10800000000022791,270,-144.0,0.7015016240055068,0.0777619481086731,,"[1, 5, 4, 8]"
118,118,0.12800000000027012,320,-139.2,0.6993971191334902,0.070062056183815,,"[2, 6, 4, 7]"
119,119,0.11200000000023635,280,-141.59999999999997,0.6972989277760897,0.0757530927658081,,"[3, 1, 4, 13]"
120,120,0.10800000000022791,270,-138.0,0.6952070309927615,0.06468217074871063,,"[3, 4, 4, 15]"
121,121,0.11200000000023635,280,-124.8,0.6931214098997832,0.07408887147903442,,"[7, 3, 4, 7]"
122,122,0.1160000000002448,290,-145.19999999999996,0.6910420456700839,0.07317602634429932,,"[0, 7, 4, 4]"
123,123,0.1160000000002448,290,-134.39999999999998,0.6889689195330736,0.0753641277551651,,"[4, 4, 4, 3]"
124,124,0.11200000000023635,280,-117.59999999999998,0.6869020127744744,0.07172126322984695,,"[9, 3, 4, 6]"
125,125,0.13200000000027856,330,-121.2,0.684841306736151,0.06774647533893585,,"[7, 6, 4, 14]"
126,126,0.1160000000002448,290,-135.59999999999997,0.6827867828159425,0.07180145382881165,,"[3, 6, 4, 4]"
127,127,0.1160000000002448,290,-122.4,0.6807384224674947,0.06912200897932053,,"[8, 2, 4, 7]"
128,128,0.11200000000023635,280,-147.6,0.6786962072000923,0.06627008318901062,,"[0, 5, 4, 11]"
129,129,0.11200000000023635,280,-144.0,0.676660118578492,0.057268176227808,,"[1, 5, 4, 13]"
130,130,0.11200000000023635,280,-139.2,0.6746301382227565,0.06676647067070007,,"[2, 6, 4, 5]"
131,131,0.11200000000023635,280,-127.2,0.6726062478080883,0.0612000972032547,,"[7, 1, 4, 5]"
132,132,0.12000000000025324,300,-133.19999999999996,0.6705884290646641,0.07311539351940155,,"[4, 5, 4, 14]"
133,133,0.1160000000002448,290,-114.00000000000001,0.66857666377747,0.06884602457284927,,"[10, 3, 4, 8]"
134,134,0.11200000000023635,280,-133.2,0.6665709337861376,0.07374054193496704,,"[5, 2, 4, 6]"
135,135,0.1160000000002448,290,-149.99999999999997,0.6645712209847792,0.06772607564926147,,"[0, 3, 4, 3]"
136,136,0.11200000000023635,280,-129.6,0.6625775073218249,0.074835866689682,,"[5, 5, 4, 9]"
137,137,0.10800000000022791,270,-134.39999999999998,0.6605897747998594,0.06921384483575821,,"[4, 4, 4, 6]"
138,138,0.11200000000023635,280,-146.39999999999998,0.6586080054754598,0.06433627009391785,,"[1, 3, 4, 9]"
139,139,0.11199999999989707,280,-132.0,0.6566321814590335,0.07103598862886429,,"[4, 6, 4, 7]"
140,140,0.11599999999972965,290,-140.39999999999998,0.6546622849146564,0.07183963805437088,,"[3, 2, 4, 12]"
141,141,0.11199999999973898,280,-127.19999999999999,0.6526982980599124,0.07490186393260956,,"[5, 7, 4, 5]"
142,142,0.1079999999997483,270,-122.39999999999999,0.6507402031657327,0.06412544846534729,,"[7, 5, 4, 8]"
143,143,0.1079999999997483,270,-119.99999999999997,0.6487879825562355,0.07943900674581528,,"[9, 1, 4, 10]"
144,144,0.11599999999972965,290,-140.39999999999998,0.6468416186085668,0.0777880921959877,,"[2, 5, 4, 6]"
145,145,0.11999999999972033,300,-142.79999999999995,0.6449010937527411,0.06899778544902802,,"[2, 3, 4, 6]"
146,146,0.11999999999972033,300,-122.39999999999998,0.6429663904714829,0.0697435587644577,,"[8, 2, 4, 11]"
147,147,0.12399999999971101,310,-136.79999999999998,0.6410374913000684,0.07652086019515991,,"[4, 2, 4, 12]"
148,148,0.11199999999973898,280,-133.2,0.6391143788261682,0.07352517545223236,,"[5, 2, 4, 7]"
149,149,0.11199999999973898,280,-122.4,0.6371970356896897,0.07714236527681351,,"[7, 5, 4, 6]"
150,150,0.1079999999997483,270,-132.0,0.6352854445826206,0.06915413588285446,,"[5, 3, 4, 5]"
151,151,0.11599999999972965,290,-128.4,0.6333795882488727,0.07056723535060883,,"[6, 3, 4, 9]"
152,152,0.12399999999971101,310,-146.39999999999998,0.6314794494841262,0.07384419441223145,,"[1, 3, 4, 5]"
153,153,0.11199999999973898,280,-136.8,0.6295850111356738,0.0798260048031807,,"[3, 5, 4, 14]"
154,154,0.1079999999997483,270,-118.8,0.6276962561022668,0.0708884596824646,,"[8, 5, 4, 4]"
155,155,0.11199999999973898,280,-127.19999999999999,0.62581316733396,0.06986771523952484,,"[6, 4, 4, 5]"
156,156,0.11599999999972965,290,-142.79999999999995,0.623935727831958,0.06666915118694305,,"[2, 3, 4, 15]"
157,157,0.1079999999997483,270,-118.80000000000001,0.6220639206484622,0.06945403665304184,,"[8, 5, 4, 3]"
158,158,0.11199999999973898,280,-136.79999999999998,0.6201977288865168,0.07497766613960266,,"[3, 5, 4, 6]"
159,159,0.11199999999973898,280,-130.79999999999998,0.6183371356998573,0.06543444842100143,,"[5, 4, 4, 14]"
160,160,0.11199999999973898,280,-151.2,0.6164821242927577,0.0711941048502922,,"[0, 2, 4, 5]"
161,161,0.11599999999972965,290,-136.79999999999995,0.6146326779198794,0.07190333306789398,,"[4, 2, 4, 5]"
162,162,0.11199999999973898,280,-127.2,0.6127887798861198,0.0666106641292572,,"[6, 4, 4, 7]"
163,163,0.11599999999972965,290,-141.59999999999997,0.6109504135464614,0.07296831160783768,,"[2, 4, 4, 6]"
164,164,0.11599999999972965,290,-127.2,0.609117562305822,0.06322330981492996,,"[6, 4, 4, 8]"
165,165,0.11599999999972965,290,-145.2,0.6072902096189046,0.0656004548072815,,"[2, 1, 4, 16]"
166,166,0.11599999999972965,290,-122.39999999999996,0.6054683389900478,0.07073857635259628,,"[7, 5, 4, 4]"
167,167,0.11199999999973898,280,-122.4,0.6036519339730777,0.0629214271903038,,"[7, 5, 4, 12]"
168,168,0.1079999999997483,270,-131.99999999999997,0.6018409781711584,0.05678345263004303,,"[5, 3, 4, 7]"
169,169,0.1079999999997483,270,-138.0,0.6000354552366449,0.054998043924570084,,"[3, 4, 4, 9]"
170,170,0.1079999999997483,270,-122.39999999999999,0.598235348870935,0.059288930147886276,,"[7, 5, 4, 8]"
171,171,0.11199999999973898,280,-117.6,0.5964406428243222,0.06338611990213394,,"[8, 6, 4, 11]"
172,172,0.11199999999973898,280,-141.6,0.5946513208958493,0.06062012165784836,,"[2, 4, 4, 5]"
173,173,0.11199999999973898,280,-138.0,0.5928673669331617,0.06372643262147903,,"[2, 7, 4, 9]"
174,174,0.11999999999972033,300,-150.0,0.5910887648323622,0.06598770618438721,,"[0, 3, 4, 11]"
175,175,0.11199999999973898,280,-129.6,0.5893154985378651,0.06820230185985565,,"[6, 2, 4, 8]"
176,176,0.11599999999972965,290,-145.19999999999996,0.5875475520422515,0.06661873310804367,,"[1, 4, 4, 7]"
177,177,0.11599999999972965,290,-130.79999999999995,0.5857849093861247,0.07217368483543396,,"[5, 4, 4, 15]"
178,178,0.11199999999973898,280,-116.39999999999999,0.5840275546579663,0.06560449302196503,,"[8, 7, 4, 7]"
179,179,0.11599999999972965,290,-135.59999999999997,0.5822754719939924,0.06815777719020844,,"[4, 3, 4, 14]"
180,180,0.11599999999972965,290,-127.19999999999996,0.5805286455780104,0.06747473776340485,,"[5, 7, 4, 6]"
181,181,0.11199999999973898,280,-136.8,0.5787870596412764,0.07077910751104355,,"[4, 2, 4, 14]"
182,182,0.1079999999997483,270,-127.19999999999999,0.5770506984623526,0.06456337869167328,,"[6, 4, 4, 16]"
183,183,0.11199999999973898,280,-139.2,0.5753195463669655,0.06454786658287048,,"[3, 3, 4, 19]"
184,184,0.11199999999973898,280,-139.2,0.5735935877278646,0.06392109394073486,,"[3, 3, 4, 6]"
185,185,0.1079999999997483,270,-144.0,0.571872806964681,0.06624473631381989,,"[2, 2, 4, 4]"
186,186,0.11199999999973898,280,-136.79999999999998,0.5701571885437869,0.062458619475364685,,"[3, 5, 4, 8]"
187,187,0.13199999999969236,330,-136.8,0.5684467169781556,0.05616510286927223,,"[4, 2, 4, 10]"
188,188,0.11199999999973898,280,-145.2,0.5667413768272211,0.06247073784470558,,"[0, 7, 4, 4]"
189,189,0.11599999999972965,290,-143.99999999999994,0.5650411526967395,0.05762863531708717,,"[2, 2, 4, 4]"
190,190,0.11999999999972033,300,-145.2,0.5633460292386493,0.06170950457453728,,"[0, 7, 4, 19]"
191,191,0.11999999999972033,300,-134.39999999999995,0.5616559911509333,0.06564067304134369,,"[4, 4, 4, 5]"
192,192,0.11999999999972033,300,-129.6,0.5599710231774805,0.05512651428580284,,"[6, 2, 4, 11]"
193,193,0.11199999999973898,280,-135.6,0.5582911101079481,0.055426087230443954,,"[4, 3, 4, 10]"
194,194,0.1079999999997483,270,-119.99999999999999,0.5566162367776242,0.05846666917204857,,"[8, 4, 4, 4]"
195,195,0.11599999999972965,290,-129.59999999999994,0.5549463880672914,0.06326118856668472,,"[5, 5, 4, 6]"
196,196,0.11199999999973898,280,-121.19999999999999,0.5532815489030894,0.06739885360002518,,"[7, 6, 4, 5]"
197,197,0.11199999999973898,280,-138.0,0.5516217042563801,0.0669560432434082,,"[3, 4, 4, 5]"
198,198,0.11599999999972965,290,-144.0,0.549966839143611,0.06262921541929245,,"[2, 2, 4, 8]"
199,199,0.11599999999972965,290,-121.19999999999996,0.5483169386261801,0.06444285809993744,,"[7, 6, 4, 4]"
200,200,0.11599999999972965,290,-139.2,0.5466719878103016,0.06493803858757019,,"[2, 6, 4, 14]"
201,201,0.11599999999972965,290,-142.8,0.5450319718468707,0.06814445555210114,,"[2, 3, 4, 12]"
202,202,0.11599999999972965,290,-130.79999999999998,0.5433968759313301,0.064717598259449,,"[5, 4, 4, 7]"
203,203,0.11599999999972965,290,-136.80000000000004,0.5417666853035361,0.06257598102092743,,"[3, 5, 4, 8]"
204,204,0.11999999999972033,300,-112.79999999999998,0.5401413852476254,0.07247615605592728,,"[10, 4, 4, 18]"
205,205,0.1079999999997483,270,-121.2,0.5385209610918825,0.05141296237707138,,"[8, 3, 4, 13]"
206,206,0.11599999999972965,290,-128.39999999999998,0.5369053982086068,0.06033453345298767,,"[6, 3, 4, 13]"
207,207,0.11199999999973898,280,-146.39999999999998,0.535294682013981,0.06954540312290192,,"[1, 3, 4, 12]"
208,208,0.11999999999972033,300,-134.39999999999998,0.5336887979679391,0.06088969483971596,,"[4, 4, 4, 5]"
209,209,0.1079999999997483,270,-134.4,0.5320877315740353,0.060102593153715134,,"[4, 4, 4, 7]"
210,210,0.11199999999973898,280,-133.2,0.5304914683793133,0.06184099242091179,,"[5, 2, 4, 13]"
211,211,0.11199999999973898,280,-123.6,0.5288999939741753,0.06787802278995514,,"[8, 1, 4, 8]"
212,212,0.11599999999972965,290,-121.19999999999996,0.5273132939922528,0.060509271919727325,,"[8, 3, 4, 9]"
213,213,0.11199999999973898,280,-152.39999999999998,0.525731354110276,0.056042298674583435,,"[0, 1, 4, 12]"
214,214,0.11599999999972965,290,-134.39999999999995,0.5241541600479452,0.06725630164146423,,"[4, 4, 4, 4]"
215,215,0.12399999999971101,310,-135.6,0.5225816975678014,0.07085134088993073,,"[4, 3, 4, 6]"
216,216,0.11599999999972965,290,-130.79999999999995,0.521013952475098,0.061694301664829254,,"[4, 7, 4, 9]"
217,217,0.12799999999970169,320,-134.39999999999998,0.5194509106176727,0.06444815546274185,,"[4, 4, 4, 10]"
218,218,0.11199999999973898,280,-134.39999999999998,0.5178925578858197,0.06408551335334778,,"[4, 4, 4, 8]"
219,219,0.1079999999997483,270,-139.20000000000002,0.5163388802121622,0.06908087432384491,,"[3, 3, 4, 9]"
220,220,0.11199999999973898,280,-141.6,0.5147898635715258,0.06395794451236725,,"[2, 4, 4, 6]"
221,221,0.11199999999973898,280,-123.59999999999998,0.5132454939808112,0.06852725148200989,,"[7, 4, 4, 8]"
222,222,0.11199999999973898,280,-143.99999999999997,0.5117057574988688,0.07350104302167892,,"[2, 2, 4, 7]"
223,223,0.11599999999972965,290,-134.39999999999995,0.5101706402263723,0.06661972403526306,,"[5, 1, 4, 4]"
224,224,0.11999999999972033,300,-136.79999999999998,0.5086401283056932,0.069178506731987,,"[3, 5, 4, 11]"
225,225,0.11999999999972033,300,-122.39999999999996,0.5071142079207761,0.0708787590265274,,"[7, 5, 4, 7]"
226,226,0.11599999999972965,290,-123.60000000000002,0.5055928652970137,0.0696047991514206,,"[7, 4, 4, 6]"
227,227,0.11199999999973898,280,-134.39999999999998,0.5040760867011227,0.06533821672201157,,"[4, 4, 4, 8]"
228,228,0.11199999999973898,280,-133.2,0.5025638584410194,0.0678207203745842,,"[5, 2, 4, 15]"
229,229,0.11999999999972033,300,-133.20000000000002,0.5010561668656963,0.06160935387015343,,"[5, 2, 4, 7]"
230,230,0.11599999999972965,290,-146.39999999999998,0.49955299836509925,0.06599560379981995,,"[0, 6, 4, 13]"
231,231,0.1079999999997483,270,-119.99999999999999,0.49805433937000393,0.0695783793926239,,"[8, 4, 4, 6]"
232,232,0.11599999999972965,290,-136.79999999999995,0.4965601763518939,0.07357757538557053,,"[4, 2, 4, 9]"
233,233,0.12799999999970169,320,-147.6,0.49507049582283824,0.059046726673841476,,"[0, 5, 4, 5]"
234,234,0.11199999999973898,280,-144.0,0.49358528433536975,0.0639200434088707,,"[2, 2, 4, 6]"
235,235,0.11199999999973898,280,-144.0,0.49210452848236363,0.06644756346940994,,"[1, 5, 4, 9]"
236,236,0.11999999999972033,300,-138.0,0.49062821489691655,0.05652164667844772,,"[4, 1, 4, 5]"
237,237,0.11599999999972965,290,-146.39999999999995,0.4891563302522258,0.06845909357070923,,"[1, 3, 4, 9]"
238,238,0.11599999999972965,290,-133.2,0.48768886126146915,0.06632645428180695,,"[5, 2, 4, 8]"
239,239,0.1079999999997483,270,-140.39999999999998,0.48622579467768473,0.06668892502784729,,"[2, 5, 4, 6]"
240,240,0.11199999999973898,280,-142.8,0.4847671172936517,0.06275536119937897,,"[2, 3, 4, 9]"
241,241,0.11199999999973898,280,-146.39999999999998,0.4833128159417707,0.06299036741256714,,"[0, 6, 4, 8]"
242,242,0.11199999999973898,280,-123.6,0.4818628774939454,0.06644456088542938,,"[7, 4, 4, 11]"
243,243,0.12399999999971101,310,-129.59999999999997,0.48041728886146357,0.06644133478403091,,"[6, 2, 4, 6]"
244,244,0.1079999999997483,270,-115.19999999999999,0.4789760369948792,0.06319846957921982,,"[10, 2, 4, 11]"
245,245,0.11199999999973898,280,-146.39999999999998,0.47753910888389456,0.07162246853113174,,"[1, 3, 4, 10]"
246,246,0.1079999999997483,270,-133.2,0.4761064915572429,0.0663844496011734,,"[5, 2, 4, 9]"
247,247,0.1079999999997483,270,-121.19999999999999,0.4746781720825711,0.06347380578517914,,"[8, 3, 4, 6]"
248,248,0.11599999999972965,290,-141.60000000000002,0.4732541375663234,0.06430995464324951,,"[2, 4, 4, 10]"
249,249,0.11599999999972965,290,-139.19999999999996,0.4718343751536244,0.06588776409626007,,"[3, 3, 4, 10]"
250,250,0.11999999999972033,300,-129.60000000000002,0.47041887202816357,0.05868355929851532,,"[5, 5, 4, 15]"
251,251,0.1079999999997483,270,-133.2,0.4690076154120791,0.07648415863513947,,"[4, 5, 4, 6]"
252,252,0.11199999999973898,280,-138.0,0.46760059256584285,0.07091508060693741,,"[3, 4, 4, 5]"
253,253,0.11199999999973898,280,-129.6,0.4661977907881453,0.0649598091840744,,"[5, 5, 4, 6]"
254,254,0.11199999999973898,280,-123.6,0.4647991974157809,0.06996817886829376,,"[7, 4, 4, 8]"
255,255,0.12799999999970169,320,-144.0,0.46340479982353355,0.06173401325941086,,"[2, 2, 4, 5]"
256,256,0.11599999999972965,290,-140.39999999999998,0.46201458542406293,0.06696716696023941,,"[2, 5, 4, 16]"
257,257,0.11599999999972965,290,-151.2,0.4606285416677907,0.06456908583641052,,"[0, 2, 4, 13]"
258,258,0.11199999999973898,280,-141.6,0.45924665604278736,0.07147452235221863,,"[1, 7, 4, 4]"
259,259,0.11199999999973898,280,-109.19999999999999,0.457868916074659,0.06381461024284363,,"[11, 4, 4, 11]"
260,260,0.11199999999973898,280,-121.19999999999999,0.45649530932643506,0.055610962212085724,,"[7, 6, 4, 7]"
261,261,0.11599999999972965,290,-134.4,0.45512582339845575,0.06899015605449677,,"[4, 4, 4, 12]"
262,262,0.11199999999973898,280,-127.19999999999999,0.45376044592826037,0.06342518329620361,,"[6, 4, 4, 17]"
263,263,0.11599999999972965,290,-127.19999999999996,0.4523991645904756,0.0487242117524147,,"[6, 4, 4, 5]"
264,264,0.11999999999972033,300,-131.99999999999994,0.45104196709670413,0.06497633457183838,,"[5, 3, 4, 4]"
265,265,0.11599999999972965,290,-124.79999999999998,0.449688841195414,0.06498393416404724,,"[7, 3, 4, 4]"
266,266,0.11599999999972965,290,-140.4,0.4483397746718278,0.05379225313663483,,"[2, 5, 4, 5]"
267,267,0.11599999999972965,290,-122.39999999999996,0.4469947553478123,0.06099738925695419,,"[6, 8, 4, 10]"
268,268,0.11199999999973898,280,-142.79999999999998,0.44565377108176885,0.06938591599464417,,"[2, 3, 4, 5]"
269,269,0.11599999999972965,290,-147.59999999999997,0.44431680976852356,0.05966739356517792,,"[1, 2, 4, 8]"
270,270,0.11199999999973898,280,-129.6,0.44298385933921797,0.06248236447572708,,"[5, 5, 4, 8]"
271,271,0.1079999999997483,270,-141.6,0.4416549077612003,0.06711829453706741,,"[2, 4, 4, 5]"
272,272,0.11599999999972965,290,-133.2,0.4403299430379167,0.0632859319448471,,"[4, 5, 4, 6]"
273,273,0.11199999999973898,280,-118.8,0.43900895320880295,0.06385049223899841,,"[8, 5, 4, 9]"
274,274,0.12399999999971101,310,-123.59999999999998,0.43769192634917653,0.05562053993344307,,"[7, 4, 4, 8]"
275,275,0.11599999999972965,290,-133.20000000000002,0.436378850570129,0.055075012147426605,,"[4, 5, 4, 14]"
276,276,0.11199999999973898,280,-136.8,0.4350697140184186,0.07228077203035355,,"[4, 2, 4, 9]"
277,277,0.11999999999972033,300,-140.39999999999998,0.43376450487636337,0.0634785071015358,,"[3, 2, 4, 10]"
278,278,0.11599999999972965,290,-141.59999999999997,0.43246321136173427,0.06389838457107544,,"[2, 4, 4, 9]"
279,279,0.11599999999972965,290,-115.19999999999997,0.43116582172764906,0.06749241799116135,,"[8, 8, 4, 14]"
280,280,0.12799999999970169,320,-138.0,0.42987232426246613,0.058149926364421844,,"[3, 4, 4, 9]"
281,281,0.11999999999972033,300,-131.99999999999997,0.42858270728967873,0.054651811718940735,,"[4, 6, 4, 18]"
282,282,0.11199999999973898,280,-121.19999999999999,0.4272969591678097,0.06488633900880814,,"[7, 6, 4, 9]"
283,283,0.11199999999973898,280,-133.2,0.4260150682903063,0.0665145218372345,,"[4, 5, 4, 5]"
284,284,0.11599999999972965,290,-132.0,0.4247370230854354,0.06344931572675705,,"[5, 3, 4, 7]"
285,285,0.1079999999997483,270,-127.19999999999997,0.4234628120161791,0.05248790606856346,,"[6, 4, 4, 18]"
286,286,0.1079999999997483,270,-130.8,0.42219242358013054,0.056444451212882996,,"[5, 4, 4, 10]"
287,287,0.11599999999972965,290,-146.4,0.4209258463093902,0.05618005245923996,,"[0, 6, 4, 13]"
288,288,0.11199999999973898,280,-110.4,0.419663068770462,0.0625547468662262,,"[11, 3, 4, 8]"
289,289,0.11199999999973898,280,-145.2,0.4184040795641506,0.06732817739248276,,"[1, 4, 4, 8]"
290,290,0.11199999999973898,280,-135.6,0.41714886732545814,0.06254464387893677,,"[4, 3, 4, 5]"
291,291,0.1079999999997483,270,-117.6,0.41589742072348174,0.06568071991205215,,"[8, 6, 4, 11]"
292,292,0.11999999999972033,300,-130.79999999999995,0.4146497284613113,0.06581699103116989,,"[5, 4, 4, 14]"
293,293,0.11999999999972033,300,-118.79999999999998,0.41340577927592737,0.0637928694486618,,"[7, 8, 4, 7]"
294,294,0.11199999999973898,280,-133.2,0.41216556193809956,0.055240530520677567,,"[4, 5, 4, 18]"
295,295,0.11999999999972033,300,-140.39999999999998,0.41092906525228523,0.06755722314119339,,"[2, 5, 4, 4]"
296,296,0.1079999999997483,270,-129.6,0.40969627805652836,0.05882902443408966,,"[6, 2, 4, 12]"
297,297,0.12399999999971101,310,-122.39999999999999,0.40846718922235875,0.0610860213637352,,"[7, 5, 4, 14]"
298,298,0.11199999999973898,280,-141.6,0.40724178765469166,0.05632349103689194,,"[1, 7, 4, 6]"
299,299,0.12799999999970169,320,-111.6,0.4060200622917276,0.06415435671806335,,"[9, 8, 4, 7]"
300,300,0.11199999999973898,280,-130.79999999999998,0.4048020021048524,0.05775419622659683,,"[5, 4, 4, 13]"
301,301,0.11599999999972965,290,-105.6,0.40358759609853784,0.05520099401473999,,"[12, 4, 4, 7]"
302,302,0.11599999999972965,290,-136.79999999999995,0.4023768333102422,0.05909153074026108,,"[2, 8, 4, 10]"
303,303,0.11199999999973898,280,-104.39999999999999,0.4011697028103115,0.06230730563402176,,"[12, 5, 4, 4]"
304,304,0.12799999999970169,320,-112.79999999999998,0.3999661937018806,0.06494581699371338,,"[10, 4, 4, 4]"
305,305,0.11199999999973898,280,-118.79999999999998,0.39876629512077494,0.06131236255168915,,"[8, 5, 4, 8]"
306,306,0.11599999999972965,290,-123.59999999999997,0.3975699962354126,0.05956510454416275,,"[7, 4, 4, 10]"
307,307,0.11199999999973898,280,-110.4,0.3963772862467064,0.055759496986866,,"[11, 3, 4, 11]"
308,308,0.1079999999997483,270,-109.19999999999999,0.39518815438796623,0.06318265199661255,,"[11, 4, 4, 5]"
309,309,0.11199999999973898,280,-114.0,0.3940025899248023,0.06381335109472275,,"[10, 3, 4, 5]"
310,310,0.11199999999973898,280,-130.79999999999998,0.3928205821550279,0.060124289244413376,,"[4, 7, 4, 13]"
311,311,0.11599999999972965,290,-92.39999999999996,0.39164212040856283,0.056132566183805466,,"[15, 6, 4, 8]"
312,312,0.11599999999972965,290,-112.8,0.39046719404733715,0.05571966618299484,,"[10, 4, 4, 7]"
313,313,0.11599999999972965,290,-104.4,0.38929579246519513,0.05519472807645798,,"[12, 5, 4, 10]"
314,314,0.11199999999973898,280,-99.6,0.38812790508779954,0.06364306807518005,,"[13, 6, 4, 4]"
315,315,0.11199999999973898,280,-88.79999999999998,0.38696352137253615,0.060942016541957855,,"[16, 6, 4, 9]"
316,316,0.11199999999973898,280,-93.6,0.38580263080841853,0.0571482852101326,,"[15, 5, 4, 8]"
317,317,0.11599999999972965,290,-91.2,0.3846452229159933,0.06122544780373573,,"[16, 4, 4, 11]"
318,318,0.11999999999972033,300,-116.39999999999996,0.3834912872472453,0.05869625508785248,,"[9, 4, 4, 6]"
319,319,0.11199999999973898,280,-118.79999999999998,0.3823408133855036,0.04957962408661842,,"[8, 5, 4, 18]"
320,320,0.11199999999973898,280,-123.6,0.38119379094534706,0.06360331177711487,,"[6, 7, 4, 7]"
321,321,0.1079999999997483,270,-99.59999999999998,0.380050209572511,0.053277481347322464,,"[13, 6, 4, 8]"
322,322,0.1079999999997483,270,-116.4,0.3789100589437935,0.06190647929906845,,"[9, 4, 4, 8]"
323,323,0.1079999999997483,270,-112.8,0.3777733287669621,0.06091291457414627,,"[9, 7, 4, 3]"
324,324,0.11199999999973898,280,-91.19999999999999,0.37664000878066123,0.05587204545736313,,"[16, 4, 4, 8]"
325,325,0.11199999999973898,280,-128.39999999999998,0.37551008875431924,0.06043155491352081,,"[6, 3, 4, 6]"
326,326,0.12399999999971101,310,-109.2,0.37438355848805627,0.0593566969037056,,"[11, 4, 4, 12]"
327,327,0.11199999999973898,280,-94.80000000000001,0.3732604078125921,0.06014728918671608,,"[15, 4, 4, 6]"
328,328,0.11599999999972965,290,-81.6,0.37214062658915437,0.05563937500119209,,"[19, 3, 4, 8]"
329,329,0.11599999999972965,290,-115.2,0.3710242047093869,0.06454635411500931,,"[9, 5, 4, 7]"
330,330,0.11199999999973898,280,-106.8,0.3699111320952587,0.05587559565901756,,"[11, 6, 4, 7]"
331,331,0.1079999999997483,270,-88.80000000000001,0.36880139869897294,0.07022716104984283,,"[17, 3, 4, 24]"
332,332,0.11199999999973898,280,-93.6,0.367694994502876,0.06112418323755264,,"[15, 5, 4, 6]"
333,333,0.1079999999997483,270,-116.39999999999998,0.3665919095193674,0.059840235859155655,,"[9, 4, 4, 10]"
334,334,0.1079999999997483,270,-94.8,0.36549213379080925,0.06675039231777191,,"[14, 7, 4, 5]"
335,335,0.1079999999997483,270,-75.6,0.3643956573894368,0.056442275643348694,,"[20, 5, 4, 16]"
336,336,0.11199999999973898,280,-111.6,0.3633024704172685,0.05794568732380867,,"[10, 5, 4, 10]"
337,337,0.11599999999972965,290,-114.0,0.3622125630060167,0.06342656165361404,,"[9, 6, 4, 13]"
338,338,0.1079999999997483,270,-112.8,0.3611259253169986,0.058263059705495834,,"[10, 4, 4, 6]"
339,339,0.11599999999972965,290,-112.80000000000001,0.3600425475410476,0.0585440993309021,,"[10, 4, 4, 8]"
340,340,0.1079999999997483,270,-118.8,0.3589624198984244,0.054898522794246674,,"[8, 5, 4, 11]"
341,341,0.11599999999972965,290,-94.80000000000001,0.35788553263872913,0.06267359852790833,,"[15, 4, 4, 10]"
342,342,0.11199999999973898,280,-76.8,0.35681187604081294,0.06097196787595749,,"[20, 4, 4, 11]"
343,343,0.11199999999973898,280,-92.39999999999999,0.3557414404126905,0.053131166845560074,,"[16, 3, 4, 13]"
344,344,0.1079999999997483,270,-107.99999999999999,0.35467421609145244,0.05668056756258011,,"[11, 5, 4, 22]"
345,345,0.1079999999997483,270,-120.0,0.35361019344317807,0.05773866921663284,,"[7, 7, 4, 11]"
346,346,0.1079999999997483,270,-87.6,0.35254936286284855,0.05205556005239487,,"[18, 1, 4, 10]"
347,347,0.11599999999972965,290,-52.80000000000001,0.35149171477426,0.05792509391903877,,"[26, 6, 4, 9]"
348,348,0.11199999999973898,280,-116.39999999999998,0.3504372396299372,0.06281670928001404,,"[9, 4, 4, 16]"
349,349,0.1079999999997483,270,-109.19999999999999,0.3493859279110474,0.06041602045297623,,"[10, 7, 4, 4]"
350,350,0.1079999999997483,270,-100.80000000000001,0.34833777012731426,0.06230151653289795,,"[13, 5, 4, 11]"
351,351,0.1079999999997483,270,-71.99999999999999,0.34729275681693234,0.05958721041679382,,"[20, 8, 4, 8]"
352,352,0.1079999999997483,270,-109.19999999999999,0.3462508785464815,0.057358719408512115,,"[11, 4, 4, 5]"
353,353,0.1079999999997483,270,-98.39999999999999,0.34521212591084205,0.05677330493927002,,"[13, 7, 4, 7]"
354,354,0.1079999999997483,270,-133.2,0.34417648953310953,0.06147624924778938,,"[3, 8, 4, 15]"
355,355,0.11199999999973898,280,-123.59999999999998,0.3431439600645102,0.056127652525901794,,"[7, 4, 4, 10]"
356,356,0.11199999999973898,280,-104.39999999999999,0.34211452818431665,0.06047861650586128,,"[12, 5, 4, 5]"
357,357,0.11199999999973898,280,-78.0,0.3410881845997637,0.06573771685361862,,"[19, 6, 4, 6]"
358,358,0.11999999999972033,300,-70.80000000000001,0.3400649200459644,0.06260986626148224,,"[22, 3, 4, 5]"
359,359,0.11199999999973898,280,-80.4,0.3390447252858265,0.06594277173280716,,"[18, 7, 4, 11]"
360,360,0.1079999999997483,270,-82.8,0.33802759110996905,0.06004642695188522,,"[18, 5, 4, 7]"
361,361,0.11599999999972965,290,-115.19999999999999,0.3370135083366391,0.04911905154585838,,"[10, 2, 4, 22]"
362,362,0.11199999999973898,280,-94.8,0.3360024678116292,0.06371624767780304,,"[15, 4, 4, 14]"
363,363,0.11199999999973898,280,-90.0,0.3349944604081943,0.05744216591119766,,"[15, 8, 4, 11]"
364,364,0.11599999999972965,290,-102.0,0.33398947702696974,0.05036551505327225,,"[12, 7, 4, 4]"
365,365,0.1079999999997483,270,-129.6,0.3329875085958888,0.0577905997633934,,"[5, 5, 4, 8]"
366,366,0.11199999999973898,280,-109.19999999999999,0.33198854607010114,0.056105583906173706,,"[10, 7, 4, 7]"
367,367,0.1079999999997483,270,-108.0,0.33099258043189084,0.06135539337992668,,"[12, 2, 4, 15]"
368,368,0.11199999999973898,280,-99.6,0.32999960269059514,0.06319025158882141,,"[14, 3, 4, 6]"
369,369,0.1079999999997483,270,-114.0,0.32900960388252337,0.051647383719682693,,"[10, 3, 4, 4]"
370,370,0.1079999999997483,270,-80.4,0.3280225750708758,0.0582251213490963,,"[18, 7, 4, 14]"
371,371,0.11999999999972033,300,-135.60000000000002,0.32703850734566314,0.051102928817272186,,"[3, 6, 4, 8]"
372,372,0.11599999999972965,290,-84.00000000000001,0.32605739182362614,0.05625854805111885,,"[18, 4, 4, 10]"
373,373,0.1079999999997483,270,-105.6,0.3250792196481553,0.05718623846769333,,"[12, 4, 4, 5]"
374,374,0.11199999999973898,280,-133.2,0.3241039819892108,0.06163383647799492,,"[4, 5, 4, 31]"
375,375,0.1079999999997483,270,-122.39999999999999,0.32313167004324317,0.059038881212472916,,"[7, 5, 4, 6]"
376,376,0.1079999999997483,270,-46.8,0.32216227503311345,0.06023736298084259,,"[28, 5, 4, 5]"
377,377,0.1079999999997483,270,-95.99999999999999,0.3211957882080141,0.06006065383553505,,"[14, 6, 4, 6]"
378,378,0.11199999999973898,280,-94.79999999999998,0.32023220084339005,0.053829312324523926,,"[15, 4, 4, 14]"
379,379,0.1079999999997483,270,-86.4,0.31927150424085987,0.05971245840191841,,"[17, 5, 4, 11]"
380,380,0.1079999999997483,270,-101.99999999999999,0.3183136897281373,0.06288033723831177,,"[12, 7, 4, 6]"
381,381,0.1079999999997483,270,-124.79999999999998,0.31735874865895286,0.06018267944455147,,"[6, 6, 4, 13]"
382,382,0.11599999999972965,290,-137.99999999999997,0.316406672412976,0.05341392010450363,,"[3, 4, 4, 6]"
383,383,0.11599999999972965,290,-103.2,0.3154574523957371,0.05703923851251602,,"[13, 3, 4, 18]"
384,384,0.11199999999973898,280,-104.39999999999999,0.3145110800385499,0.056272804737091064,,"[11, 8, 4, 4]"
385,385,0.11199999999973898,280,-106.8,0.31356754679843424,0.05946950614452362,,"[11, 6, 4, 6]"
386,386,0.1079999999997483,270,-110.39999999999998,0.31262684415803893,0.054136984050273895,,"[10, 6, 4, 12]"
387,387,0.1079999999997483,270,-112.79999999999998,0.3116889636255648,0.06177375465631485,,"[10, 4, 4, 13]"
388,388,0.11999999999972033,300,-101.99999999999997,0.3107538967346881,0.051507189869880676,,"[12, 7, 4, 20]"
389,389,0.11999999999972033,300,-110.4,0.30982163504448407,0.05112843960523605,,"[10, 6, 4, 6]"
390,390,0.11599999999972965,290,-112.80000000000001,0.3088921701393506,0.057306595146656036,,"[10, 4, 4, 10]"
391,391,0.11199999999973898,280,-100.79999999999998,0.30796549362893255,0.061323653906583786,,"[12, 8, 4, 20]"
392,392,0.11199999999973898,280,-104.39999999999999,0.30704159714804574,0.06339805573225021,,"[12, 5, 4, 4]"
393,393,0.1079999999997483,270,-99.6,0.3061204723566016,0.06200557202100754,,"[13, 6, 4, 13]"
394,394,0.11199999999973898,280,-121.19999999999999,0.3052021109395318,0.060355111956596375,,"[7, 6, 4, 9]"
395,395,0.1079999999997483,270,-142.8,0.3042865046067132,0.061291228979825974,,"[2, 3, 4, 19]"
396,396,0.11599999999972965,290,-91.2,0.30337364509289305,0.05704861879348755,,"[16, 4, 4, 6]"
397,397,0.11199999999973898,280,-142.79999999999998,0.30246352415761435,0.05176549404859543,,"[2, 3, 4, 11]"
398,398,0.12399999999971101,310,-140.39999999999998,0.3015561335851415,0.06330932676792145,,"[3, 2, 4, 9]"
399,399,0.11199999999973898,280,-130.8,0.30065146518438607,0.03794287517666817,,"[5, 4, 4, 11]"
400,400,0.12399999999971101,310,-133.2,0.2997495107888329,0.06180637329816818,,"[4, 5, 4, 4]"
401,401,0.11599999999972965,290,-91.2,0.2988502622564664,0.05722159892320633,,"[15, 7, 4, 9]"
402,402,0.11199999999973898,280,-129.6,0.29795371146969696,0.058775343000888824,,"[5, 5, 4, 7]"
403,403,0.11199999999973898,280,-107.99999999999999,0.29705985033528787,0.06515972316265106,,"[10, 8, 4, 12]"
404,404,0.11199999999973898,280,-146.4,0.296168670784282,0.04906211793422699,,"[0, 6, 4, 4]"
405,405,0.11999999999972033,300,-136.79999999999998,0.29528016477192914,0.059882719069719315,,"[3, 5, 4, 4]"
406,406,0.1079999999997483,270,-122.39999999999999,0.29439432427761336,0.05504025146365166,,"[7, 5, 4, 10]"
407,407,0.11599999999972965,290,-128.4,0.2935111413047805,0.05026906356215477,,"[5, 6, 4, 27]"
408,408,0.1079999999997483,270,-112.80000000000001,0.29263060788086614,0.05456877872347832,,"[10, 4, 4, 24]"
409,409,0.11199999999973898,280,-129.6,0.2917527160572235,0.06303907930850983,,"[5, 5, 4, 3]"
410,410,0.12399999999971101,310,-109.19999999999999,0.29087745790905184,0.0570964515209198,,"[10, 7, 4, 7]"
411,411,0.11599999999972965,290,-130.79999999999995,0.2900048255353247,0.05647660046815872,,"[4, 7, 4, 12]"
412,412,0.11199999999973898,280,-92.39999999999999,0.28913481105871874,0.05344970151782036,,"[15, 6, 4, 6]"
413,413,0.11999999999972033,300,-116.4,0.28826740662554257,0.06641358882188797,,"[9, 4, 4, 17]"
414,414,0.11199999999973898,280,-132.0,0.28740260440566595,0.050784192979335785,,"[5, 3, 4, 16]"
415,415,0.11999999999972033,300,-131.99999999999997,0.28654039659244895,0.06061960756778717,,"[4, 6, 4, 9]"
416,416,0.11999999999972033,300,-138.0,0.2856807754026716,0.039793796837329865,,"[2, 7, 4, 5]"
417,417,0.1079999999997483,270,-136.79999999999998,0.2848237330764636,0.05421077087521553,,"[3, 5, 4, 6]"
418,418,0.1079999999997483,270,-120.0,0.2839692618772342,0.04746109992265701,,"[7, 7, 4, 11]"
419,419,0.11199999999973898,280,-135.6,0.2831173540916025,0.056667715311050415,,"[3, 6, 4, 9]"
420,420,0.11599999999972965,290,-119.99999999999997,0.28226800202932767,0.04416642338037491,,"[8, 4, 4, 7]"
421,421,0.11599999999972965,290,-129.59999999999997,0.28142119802323967,0.06327278912067413,,"[4, 8, 4, 9]"
422,422,0.11199999999973898,280,-141.6,0.28057693442917,0.0622582882642746,,"[3, 1, 4, 17]"
423,423,0.1079999999997483,270,-105.60000000000001,0.27973520362588244,0.06202654168009758,,"[12, 4, 4, 26]"
424,424,0.11199999999973898,280,-133.2,0.2788959980150048,0.06216359883546829,,"[4, 5, 4, 8]"
425,425,0.11999999999972033,300,-114.0,0.2780593100209598,0.05457679182291031,,"[9, 6, 4, 8]"
426,426,0.1079999999997483,270,-128.39999999999998,0.2772251320908969,0.06488582491874695,,"[5, 6, 4, 11]"
427,427,0.11199999999973898,280,-141.6,0.2763934566946242,0.05476885661482811,,"[2, 4, 4, 19]"
428,428,0.1079999999997483,270,-136.79999999999998,0.2755642763245403,0.05097818374633789,,"[3, 5, 4, 8]"
429,429,0.11199999999973898,280,-130.79999999999998,0.27473758349556665,0.0520564466714859,,"[5, 4, 4, 9]"
430,430,0.11599999999972965,290,-122.4,0.27391337074507993,0.05992327630519867,,"[6, 8, 4, 21]"
431,431,0.11199999999973898,280,-108.0,0.2730916306328447,0.06263992190361023,,"[10, 8, 4, 9]"
432,432,0.12399999999971101,310,-141.6,0.27227235574094616,0.049119506031274796,,"[1, 7, 4, 11]"
433,433,0.1079999999997483,270,-129.6,0.2714555386737233,0.06120063737034798,,"[6, 2, 4, 5]"
434,434,0.11199999999973898,280,-115.19999999999999,0.2706411720577021,0.06366774439811707,,"[8, 8, 4, 10]"
435,435,0.11999999999972033,300,-123.6,0.269829248541529,0.06460292637348175,,"[6, 7, 4, 10]"
436,436,0.11199999999973898,280,-140.39999999999998,0.2690197607959044,0.05875255912542343,,"[1, 8, 4, 10]"
437,437,0.12399999999971101,310,-129.6,0.26821270151351667,0.06520964205265045,,"[4, 8, 4, 12]"
438,438,0.11599999999972965,290,-141.59999999999997,0.2674080634089761,0.054294899106025696,,"[2, 4, 4, 14]"
439,439,0.12399999999971101,310,-133.2,0.2666058392187492,0.06102056801319122,,"[4, 5, 4, 4]"
440,440,0.11199999999973898,280,-138.0,0.26580602170109296,0.06327764689922333,,"[4, 1, 4, 14]"
441,441,0.12799999999970169,320,-129.6,0.26500860363598966,0.05599101632833481,,"[4, 8, 4, 13]"
442,442,0.11599999999972965,290,-135.59999999999997,0.2642135778250817,0.05815163254737854,,"[3, 6, 4, 14]"
443,443,0.11199999999973898,280,-123.6,0.26342093709160647,0.0643325001001358,,"[8, 1, 4, 10]"
444,444,0.11599999999972965,290,-125.99999999999994,0.26263067428033166,0.06612423807382584,,"[6, 5, 4, 6]"
445,445,0.12399999999971101,310,-136.79999999999998,0.26184278225749064,0.05965195223689079,,"[2, 8, 4, 5]"
446,446,0.11599999999972965,290,-132.00000000000003,0.26105725391071816,0.056881338357925415,,"[4, 6, 4, 39]"
447,447,0.11199999999973898,280,-148.79999999999998,0.260274082148986,0.061188556253910065,,"[1, 1, 4, 14]"
448,448,0.11199999999973898,280,-116.39999999999998,0.2594932599025391,0.055785439908504486,,"[8, 7, 4, 15]"
449,449,0.13999999999967372,350,-152.4,0.25871478012283144,0.06611402332782745,,"[0, 1, 4, 15]"
450,450,0.11199999999973898,280,-132.0,0.25793863578246295,0.05300068482756615,,"[5, 3, 4, 14]"
451,451,0.11199999999973898,280,-136.79999999999998,0.2571648198751156,0.06445002555847168,,"[3, 5, 4, 11]"
452,452,0.11599999999972965,290,-135.6,0.25639332541549026,0.054748062044382095,,"[4, 3, 4, 17]"
453,453,0.11199999999973898,280,-147.60000000000002,0.2556241454392438,0.059746358543634415,,"[0, 5, 4, 10]"
454,454,0.12399999999971101,310,-124.8,0.25485727300292604,0.05910142883658409,,"[6, 6, 4, 25]"
455,455,0.11199999999973898,280,-138.0,0.25409270118391725,0.06340382248163223,,"[3, 4, 4, 4]"
456,456,0.13599999999968304,340,-130.79999999999998,0.2533304230803655,0.06410734355449677,,"[6, 1, 4, 9]"
457,457,0.11599999999972965,290,-140.39999999999998,0.25257043181112443,0.058313675224781036,,"[2, 5, 4, 5]"
458,458,0.12799999999970169,320,-146.4,0.25181272051569104,0.059662528336048126,,"[1, 3, 4, 4]"
459,459,0.13599999999968304,340,-140.4,0.251057282354144,0.0648072361946106,,"[2, 5, 4, 6]"
460,460,0.11199999999973898,280,-124.8,0.25030411050708157,0.04421175271272659,,"[7, 3, 4, 18]"
461,461,0.13599999999968304,340,-148.8,0.24955319817556032,0.05427911877632141,,"[0, 4, 4, 9]"
462,462,0.11199999999973898,280,-138.0,0.24880453858103363,0.05482380837202072,,"[2, 7, 4, 8]"
463,463,0.11199999999973898,280,-135.6,0.24805812496529053,0.0665728896856308,,"[4, 3, 4, 11]"
464,464,0.13599999999968304,340,-145.19999999999996,0.24731395059039465,0.05750804767012596,,"[1, 4, 4, 11]"
465,465,0.12399999999971101,310,-142.79999999999998,0.24657200873862348,0.05914366617798805,,"[2, 3, 4, 3]"
466,466,0.1439999999996644,360,-142.8,0.2458322927124076,0.05769782513380051,,"[1, 6, 4, 6]"
467,467,0.1079999999997483,270,-142.8,0.24509479583427038,0.06484726071357727,,"[2, 3, 4, 12]"
468,468,0.12799999999970169,320,-144.0,0.24435951144676757,0.0651012733578682,,"[1, 5, 4, 22]"
469,469,0.12799999999970169,320,-142.8,0.24362643291242728,0.05650857463479042,,"[2, 3, 4, 13]"
470,470,0.11599999999972965,290,-140.40000000000003,0.24289555361369,0.06313054263591766,,"[2, 5, 4, 13]"
471,471,0.11999999999972033,300,-139.19999999999996,0.24216686695284892,0.06295919418334961,,"[3, 3, 4, 4]"
472,472,0.11599999999972965,290,-148.79999999999995,0.24144036635199037,0.06058957427740097,,"[0, 4, 4, 9]"
473,473,0.13199999999969236,330,-129.59999999999997,0.24071604525293439,0.05460525304079056,,"[5, 5, 4, 5]"
474,474,0.12399999999971101,310,-146.39999999999998,0.2399938971171756,0.06341288238763809,,"[1, 3, 4, 4]"
475,475,0.11199999999973898,280,-145.2,0.23927391542582405,0.05396924167871475,,"[0, 7, 4, 7]"
476,476,0.11999999999972033,300,-139.2,0.23855609367954658,0.058513954281806946,,"[3, 3, 4, 4]"
477,477,0.12399999999971101,310,-132.0,0.23784042539850794,0.06400023400783539,,"[5, 3, 4, 6]"
478,478,0.13199999999969236,330,-127.19999999999999,0.2371269041223124,0.06093066930770874,,"[6, 4, 4, 6]"
479,479,0.12799999999970169,320,-134.4,0.23641552340994548,0.058381326496601105,,"[5, 1, 4, 23]"
480,480,0.13599999999968304,340,-145.20000000000002,0.23570627683971565,0.05064652860164642,,"[0, 7, 4, 4]"
481,481,0.12799999999970169,320,-138.0,0.2349991580091965,0.0618293322622776,,"[2, 7, 4, 7]"
482,482,0.11199999999973898,280,-133.2,0.2342941605351689,0.05885828286409378,,"[3, 8, 4, 22]"
483,483,0.15199999999964575,380,-140.39999999999998,0.23359127805356342,0.0537840761244297,,"[3, 2, 4, 6]"
484,484,0.11599999999972965,290,-145.19999999999996,0.23289050421940272,0.06011947616934776,,"[1, 4, 4, 15]"
485,485,0.11999999999972033,300,-134.39999999999998,0.2321918327067445,0.05810610204935074,,"[3, 7, 4, 5]"
486,486,0.12799999999970169,320,-133.2,0.23149525720862427,0.06563237309455872,,"[5, 2, 4, 10]"
487,487,0.13199999999969236,330,-143.99999999999994,0.2308007714369984,0.061080995947122574,,"[1, 5, 4, 7]"
488,488,0.13599999999968304,340,-136.8,0.2301083691226874,0.06538636237382889,,"[3, 5, 4, 6]"
489,489,0.13999999999967372,350,-126.0,0.22941804401531934,0.05975842475891113,,"[5, 8, 4, 17]"
490,490,0.13599999999968304,340,-139.2,0.2287297898832734,0.057074859738349915,,"[3, 3, 4, 5]"
491,491,0.11599999999972965,290,-151.19999999999996,0.22804360051362357,0.06394626945257187,,"[0, 2, 4, 5]"
492,492,0.11199999999973898,280,-134.4,0.2273594697120827,0.060437895357608795,,"[4, 4, 4, 15]"
493,493,0.11999999999972033,300,-138.0,0.22667739130294645,0.053385015577077866,,"[2, 7, 4, 4]"
494,494,0.13999999999967372,350,-142.79999999999998,0.22599735912903762,0.05303462967276573,,"[2, 3, 4, 15]"
495,495,0.11999999999972033,300,-141.60000000000002,0.2253193670516505,0.05313727259635925,,"[2, 4, 4, 5]"
496,496,0.11999999999972033,300,-142.79999999999998,0.22464340895049556,0.05747351422905922,,"[1, 6, 4, 27]"
497,497,0.12399999999971101,310,-145.2,0.22396947872364406,0.05736825242638588,,"[0, 7, 4, 4]"
498,498,0.12399999999971101,310,-134.39999999999998,0.22329757028747313,0.046725865453481674,,"[3, 7, 4, 11]"
499,499,0.13599999999968304,340,-145.19999999999996,0.2226276775766107,0.06079212948679924,,"[0, 7, 4, 5]"
500,500,0.12799999999970169,320,-140.39999999999998,0.22195979454388087,0.06362876296043396,,"[1, 8, 4, 9]"
501,501,0.12399999999971101,310,-141.59999999999997,0.22129391516024924,0.06471048295497894,,"[2, 4, 4, 15]"
502,502,0.1439999999996644,360,-125.99999999999999,0.2206300334147685,0.06082679703831673,,"[6, 5, 4, 10]"
503,503,0.12799999999970169,320,-148.79999999999998,0.2199681433145242,0.05695880949497223,,"[0, 4, 4, 11]"
504,504,0.13599999999968304,340,-127.2,0.21930823888458062,0.05688091740012169,,"[6, 4, 4, 9]"
505,505,0.1079999999997483,270,-147.6,0.21865031416792688,0.067032590508461,,"[0, 5, 4, 13]"
506,506,0.11999999999972033,300,-121.20000000000002,0.2179943632254231,0.06438291072845459,,"[7, 6, 4, 12]"
507,507,0.11999999999972033,300,-141.60000000000002,0.21734038013574683,0.06274352222681046,,"[3, 1, 4, 36]"
508,508,0.13199999999969236,330,-129.59999999999997,0.21668835899533959,0.06353393942117691,,"[4, 8, 4, 27]"
509,509,0.11199999999973898,280,-140.39999999999998,0.21603829391835358,0.05315370857715607,,"[2, 5, 4, 11]"
510,510,0.1439999999996644,360,-148.79999999999998,0.21539017903659852,0.05835074931383133,,"[0, 4, 4, 11]"
511,511,0.12399999999971101,310,-142.79999999999998,0.21474400849948871,0.05790583789348602,,"[1, 6, 4, 15]"
512,512,0.11599999999972965,290,-145.19999999999996,0.21409977647399026,0.06173258274793625,,"[1, 4, 4, 9]"
513,513,0.12399999999971101,310,-128.39999999999998,0.21345747714456828,0.06512176990509033,,"[5, 6, 4, 16]"
514,514,0.12799999999970169,320,-148.8,0.21281710471313459,0.05496320500969887,,"[0, 4, 4, 19]"
515,515,0.12399999999971101,310,-129.6,0.2121786533989952,0.0586598664522171,,"[6, 2, 4, 6]"
516,516,0.11999999999972033,300,-147.59999999999997,0.2115421174387982,0.06252974271774292,,"[0, 5, 4, 16]"
517,517,0.13599999999968304,340,-146.39999999999998,0.2109074910864818,0.06877774000167847,,"[1, 3, 4, 10]"
518,518,0.1079999999997483,270,-142.79999999999998,0.21027476861322236,0.06562156975269318,,"[1, 6, 4, 7]"
519,519,0.11999999999972033,300,-147.60000000000002,0.2096439443073827,0.06226290762424469,,"[0, 5, 4, 9]"
520,520,0.1079999999997483,270,-133.20000000000002,0.20901501247446055,0.05890773609280586,,"[3, 8, 4, 17]"
521,521,0.11199999999973898,280,-150.0,0.20838796743703716,0.06446968764066696,,"[0, 3, 4, 8]"
522,522,0.12399999999971101,310,-145.20000000000002,0.20776280353472606,0.06669341772794724,,"[0, 7, 4, 5]"
523,523,0.12399999999971101,310,-146.39999999999998,0.20713951512412188,0.060479000210762024,,"[0, 6, 4, 6]"
524,524,0.1079999999997483,270,-144.0,0.2065180965787495,0.06753812730312347,,"[2, 2, 4, 5]"
525,525,0.13599999999968304,340,-140.39999999999998,0.20589854228901325,0.053668297827243805,,"[2, 5, 4, 4]"
526,526,0.1079999999997483,270,-141.60000000000002,0.20528084666214622,0.06102779880166054,,"[1, 7, 4, 5]"
527,527,0.11599999999972965,290,-142.79999999999995,0.20466500412215977,0.054721638560295105,,"[1, 6, 4, 10]"
528,528,0.13599999999968304,340,-135.60000000000002,0.2040510091097933,0.06621555984020233,,"[3, 6, 4, 14]"
529,529,0.13599999999968304,340,-141.60000000000002,0.2034388560824639,0.06951636075973511,,"[1, 7, 4, 16]"
530,530,0.13599999999968304,340,-139.19999999999996,0.2028285395142165,0.05967461317777634,,"[3, 3, 4, 6]"
531,531,0.13599999999968304,340,-129.59999999999997,0.20222005389567385,0.06595161557197571,,"[4, 8, 4, 14]"
532,532,0.11999999999972033,300,-145.20000000000002,0.20161339373398682,0.058691829442977905,,"[0, 7, 4, 11]"
533,533,0.12799999999970169,320,-146.4,0.20100855355278485,0.06335198879241943,,"[0, 6, 4, 5]"
534,534,0.12799999999970169,320,-147.6,0.20040552789212648,0.059175923466682434,,"[1, 2, 4, 10]"
535,535,0.13199999999969236,330,-133.19999999999996,0.1998043113084501,0.06253345310688019,,"[4, 5, 4, 4]"
536,536,0.11999999999972033,300,-150.0,0.19920489837452476,0.05882509797811508,,"[0, 3, 4, 5]"
537,537,0.12799999999970169,320,-147.59999999999997,0.1986072836794012,0.05436766892671585,,"[1, 2, 4, 9]"
538,538,0.12799999999970169,320,-145.2,0.198011461828363,0.06171514093875885,,"[0, 7, 4, 24]"
539,539,0.11199999999973898,280,-148.79999999999998,0.1974174274428779,0.06419148296117783,,"[0, 4, 4, 25]"
540,540,0.13199999999969236,330,-142.79999999999995,0.19682517516054926,0.06293319910764694,,"[1, 6, 4, 11]"
541,541,0.1079999999997483,270,-132.0,0.19623469963506762,0.06135072186589241,,"[4, 6, 4, 8]"
542,542,0.11199999999973898,280,-138.0,0.1956459955361624,0.0694291964173317,,"[3, 4, 4, 6]"
543,543,0.12399999999971101,310,-136.8,0.1950590575495539,0.06859191507101059,,"[3, 5, 4, 8]"
544,544,0.11999999999972033,300,-127.2,0.19447388037690524,0.053554240614175797,,"[5, 7, 4, 37]"
545,545,0.11999999999972033,300,-144.0,0.19389045873577454,0.06166321039199829,,"[1, 5, 4, 14]"
546,546,0.13199999999969236,330,-146.39999999999995,0.19330878735956722,0.06740906834602356,,"[0, 6, 4, 9]"
547,547,0.11599999999972965,290,-145.2,0.1927288609974885,0.06896321475505829,,"[1, 4, 4, 5]"
548,548,0.11599999999972965,290,-138.0,0.19215067441449604,0.06777208298444748,,"[3, 4, 4, 7]"
549,549,0.12399999999971101,310,-133.2,0.19157422239125255,0.0660552978515625,,"[3, 8, 4, 15]"
550,550,0.12799999999970169,320,-148.79999999999998,0.1909994997240788,0.06266441941261292,,"[0, 4, 4, 9]"
551,551,0.1279999999997088,320,-134.39999999999998,0.19042650122490654,0.05682811513543129,,"[4, 4, 4, 9]"
552,552,0.1079999999997483,270,-133.2,0.18985522172123181,0.06617914140224457,,"[5, 2, 4, 15]"
553,553,0.11599999999972965,290,-129.6,0.18928565605606812,0.069806769490242,,"[4, 8, 4, 4]"
554,554,0.13199999999969236,330,-128.39999999999998,0.1887177990878999,0.06669634580612183,,"[5, 6, 4, 40]"
555,555,0.1079999999997483,270,-144.0,0.1881516456906362,0.05700363218784332,,"[2, 2, 4, 6]"
556,556,0.1079999999997483,270,-138.0,0.18758719075356428,0.06117711961269379,,"[2, 7, 4, 4]"
557,557,0.1079999999997483,270,-135.6,0.18702442918130358,0.06570702791213989,,"[4, 3, 4, 32]"
558,558,0.1439999999996644,360,-142.8,0.18646335589375967,0.05306794494390488,,"[1, 6, 4, 24]"
559,559,0.12399999999971101,310,-146.4,0.1859039658260784,0.05817257612943649,,"[0, 6, 4, 8]"
560,560,0.17199999999959914,430,-147.60000000000002,0.18534625392860016,0.05947481095790863,,"[0, 5, 4, 16]"
561,561,0.11999999999972033,300,-135.59999999999997,0.18479021516681435,0.06769219785928726,,"[3, 6, 4, 6]"
562,562,0.11599999999972965,290,-144.0,0.1842358445213139,0.06293646991252899,,"[0, 8, 4, 5]"
563,563,0.13999999999967372,350,-146.39999999999998,0.18368313698774996,0.06591081619262695,,"[0, 6, 4, 23]"
564,564,0.13599999999968304,340,-151.2,0.1831320875767867,0.07146488130092621,,"[0, 2, 4, 12]"
565,565,0.1599999999996271,400,-140.4,0.18258269131405633,0.05563513934612274,,"[2, 5, 4, 10]"
566,566,0.12399999999971101,310,-139.2,0.18203494324011416,0.06499160826206207,,"[3, 3, 4, 24]"
567,567,0.11599999999972965,290,-151.19999999999996,0.18148883841039382,0.06560219824314117,,"[0, 2, 4, 14]"
568,568,0.11199999999973898,280,-133.2,0.18094437189516263,0.06640883535146713,,"[4, 5, 4, 15]"
569,569,0.1439999999996644,360,-145.2,0.18040153877947715,0.06267464905977249,,"[0, 7, 4, 11]"
570,570,0.1439999999996644,360,-152.39999999999998,0.1798603341631387,0.06715811789035797,,"[0, 1, 4, 6]"
571,571,0.11599999999972965,290,-146.4,0.1793207531606493,0.04915904998779297,,"[0, 6, 4, 18]"
572,572,0.11999999999972033,300,-143.99999999999997,0.17878279090116736,0.0469607375562191,,"[0, 8, 4, 13]"
573,573,0.13999999999967372,350,-147.6,0.17824644252846386,0.05673140287399292,,"[1, 2, 4, 23]"
574,574,0.12399999999971101,310,-144.0,0.17771170320087848,0.05696907266974449,,"[1, 5, 4, 15]"
575,575,0.13999999999967372,350,-143.99999999999997,0.17717856809127586,0.04894120991230011,,"[1, 5, 4, 11]"
576,576,0.11199999999973898,280,-140.39999999999998,0.17664703238700202,0.05758778005838394,,"[2, 5, 4, 6]"
577,577,0.17199999999959914,430,-152.39999999999998,0.17611709128984102,0.060687024146318436,,"[0, 1, 4, 5]"
578,578,0.13999999999967372,350,-144.0,0.1755887400159715,0.06151307374238968,,"[1, 5, 4, 18]"
579,579,0.18799999999956185,470,-141.6,0.1750619737959236,0.06072407215833664,,"[1, 7, 4, 11]"
580,580,0.14799999999965507,370,-145.19999999999996,0.1745367878745358,0.05924896150827408,,"[0, 7, 4, 4]"
581,581,0.13599999999968304,340,-149.99999999999997,0.1740131775109122,0.06094413995742798,,"[0, 3, 4, 18]"
582,582,0.13599999999968304,340,-138.0,0.17349113797837945,0.06326860189437866,,"[3, 4, 4, 4]"
583,583,0.17199999999959914,430,-148.8,0.17297066456444432,0.05350620672106743,,"[0, 4, 4, 8]"
584,584,0.11999999999972033,300,-148.79999999999998,0.172451752570751,0.057928603142499924,,"[0, 4, 4, 14]"
585,585,0.14799999999965507,370,-144.0,0.17193439731303872,0.05399452522397041,,"[0, 8, 4, 5]"
586,586,0.13199999999969236,330,-145.19999999999996,0.1714185941210996,0.06484810262918472,,"[2, 1, 4, 17]"
587,587,0.1439999999996644,360,-136.8,0.1709043383387363,0.05854405090212822,,"[2, 8, 4, 9]"
588,588,0.15199999999964575,380,-147.59999999999997,0.1703916253237201,0.05969259887933731,,"[0, 6, 3, 5]"
589,589,0.1599999999996271,400,-141.6,0.16988045044774894,0.05663527920842171,,"[2, 5, 3, 5]"
590,590,0.13599999999968304,340,-136.79999999999998,0.1693708090964057,0.06016795337200165,,"[2, 8, 4, 4]"
591,591,0.14799999999965507,370,-147.59999999999997,0.1688626966691165,0.06031223386526108,,"[0, 5, 4, 27]"
592,592,0.13599999999968304,340,-143.99999999999997,0.16835610857910915,0.07050866633653641,,"[0, 8, 4, 11]"
593,593,0.1439999999996644,360,-141.6,0.16785104025337183,0.05751381069421768,,"[1, 7, 4, 14]"
594,594,0.13199999999969236,330,-141.59999999999997,0.16734748713261172,0.06606476753950119,,"[1, 7, 4, 10]"
595,595,0.16399999999961778,410,-146.39999999999998,0.16684544467121387,0.05595050007104874,,"[0, 6, 4, 4]"
596,596,0.11599999999972965,290,-145.2,0.16634490833720023,0.05435234308242798,,"[0, 7, 4, 6]"
597,597,0.13999999999967372,350,-145.2,0.16584587361218864,0.06798882782459259,,"[0, 7, 4, 6]"
598,598,0.17599999999958982,440,-148.8,0.16534833599135207,0.05376148223876953,,"[0, 4, 4, 9]"
599,599,0.11599999999972965,290,-137.99999999999997,0.164852290983378,0.06582605093717575,,"[3, 4, 4, 6]"
600,600,0.13999999999967372,350,-150.0,0.16435773411042787,0.05661030486226082,,"[0, 3, 4, 14]"
601,601,0.14799999999965507,370,-151.2,0.1638646609080966,0.06258660554885864,,"[0, 2, 4, 7]"
602,602,0.13599999999968304,340,-135.60000000000002,0.1633730669253723,0.0691039189696312,,"[3, 6, 4, 40]"
603,603,0.16399999999961778,410,-146.39999999999998,0.16288294772459616,0.037748344242572784,,"[0, 6, 4, 6]"
