,Episode,Time,Final step,Score,Epsilon,Min_loss,avg_loss
0,0,0.4050000000000003,81,4344,0.999,,0.010576211963780224
1,1,0.4049999999999659,81,4807,0.999,,0.012388392817229033
2,2,0.4049999999999555,81,5026,0.999,,0.011219334905035794
3,3,0.4049999999999554,81,5155,0.999,,0.01060975855216384
4,4,0.4049999999999665,81,3949,0.999,,0.010623310809023678
5,5,0.4000000000001336,80,4591,0.999,,0.009538362035527825
6,6,0.4000000000001336,80,4568,0.999,,0.009329675347544253
7,7,0.4000000000001336,80,5306,0.999,,0.010651107411831617
8,8,0.4000000000001336,80,4704,0.999,,0.009972301195375621
9,9,0.40000000000011093,80,5061,0.999,,0.009226960595697165
10,10,0.40499999999977554,81,4312,0.999,,0.008074854034930468
11,11,0.40499999999977554,81,5333,0.999,,0.009184831869788468
12,12,0.40499999999977554,81,5131,0.999,,0.0092357067624107
13,13,0.40499999999977554,81,5371,0.999,,0.00839519570581615
14,14,0.40499999999977554,81,4795,0.999,,0.008219592040404677
15,15,0.40499999999977554,81,4465,0.999,,0.009532828931696713
16,16,0.40499999999977554,81,4831,0.999,,0.00794389855582267
17,17,0.40499999999977554,81,4589,0.999,,0.0075519715319387615
18,18,0.40499999999977554,81,4995,0.999,,0.007734900922514498
19,19,0.40499999999990877,81,5087,0.999,,0.008053758414462209
20,20,0.40000000000048885,80,4659,0.999,,0.007516696699894965
21,21,0.40000000000048885,80,4664,0.999,,0.008419084013439715
22,22,0.40000000000048885,80,4926,0.999,,0.0074995384202338755
23,23,0.40000000000048885,80,5055,0.999,,0.007365556433796883
24,24,0.40000000000048885,80,4948,0.999,,0.007021701894700527
25,25,0.40000000000048885,80,5032,0.999,,0.00671724951826036
26,26,0.40000000000048885,80,4885,0.999,,0.007092324551194906
27,27,0.40000000000048885,80,5040,0.999,,0.006320421816781163
28,28,0.40000000000048885,80,5032,0.999,,0.007297703763470054
29,29,0.40000000000048885,80,4802,0.999,,0.007236919132992625
30,30,0.40000000000048885,80,4897,0.999,,0.0074227225268259645
31,31,0.40000000000048885,80,5284,0.999,,0.006092773284763098
32,32,0.40000000000048885,80,4666,0.999,,0.006859050481580198
33,33,0.40000000000048885,80,4756,0.999,,0.006697892735246569
34,34,0.40000000000048885,80,4411,0.999,,0.0059756869450211525
35,35,0.40000000000048885,80,5052,0.999,,0.00605936418287456
36,36,0.40000000000048885,80,4644,0.999,,0.006076352612581104
37,37,0.40000000000048885,80,4948,0.999,,0.005496363679412752
38,38,0.40000000000048885,80,4708,0.999,,0.00629703892627731
39,39,0.4000000000002206,80,4912,0.999,,0.005677355802617967
40,40,0.4049999999990561,81,4958,0.999,,0.005958796362392604
41,41,0.4049999999990561,81,4572,0.999,,0.00602360803168267
42,42,0.4049999999990561,81,5387,0.999,,0.006378057412803173
43,43,0.4049999999990561,81,4588,0.999,,0.005836072203237563
44,44,0.4049999999990561,81,4920,0.999,,0.005802176776342094
45,45,0.4049999999990561,81,4644,0.999,,0.005874162365216762
46,46,0.4049999999990561,81,4912,0.999,,0.005708217853680253
47,47,0.4049999999990561,81,4646,0.999,,0.006130574620328844
48,48,0.4049999999990561,81,5428,0.999,,0.005470527044963092
49,49,0.4049999999990561,81,4545,0.999,,0.005463835143018514
50,50,0.4049999999990561,81,4768,0.999,,0.005005942715797573
51,51,0.4049999999990561,81,4613,0.999,,0.005331464926712215
52,52,0.4049999999990561,81,4738,0.999,,0.005379813141189516
53,53,0.4049999999990561,81,4418,0.999,,0.005255659867543727
54,54,0.4049999999990561,81,3193,0.999,,0.005440056324005127
55,55,0.4049999999990561,81,5073,0.999,,0.005382711940910667
56,56,0.4049999999990561,81,4676,0.999,,0.005252804490737617
57,57,0.4049999999990561,81,4525,0.999,,0.004750078311190009
58,58,0.4049999999990561,81,5130,0.999,,0.0051263850182294846
59,59,0.4049999999990561,81,4572,0.999,,0.0047024168889038265
60,60,0.4049999999990561,81,5078,0.999,,0.005262979539111257
61,61,0.4049999999990561,81,5039,0.999,,0.00505200435873121
62,62,0.4049999999990561,81,5305,0.998001,,0.004596609971486032
63,63,0.4049999999990561,81,4935,0.998001,,0.00443742866627872
64,64,0.4049999999990561,81,4384,0.998001,,0.004775096080265939
65,65,0.4049999999990561,81,5850,0.998001,,0.004946828761603683
66,66,0.4049999999990561,81,4669,0.998001,,0.004730493761599064
67,67,0.4049999999990561,81,4922,0.998001,,0.004790639621205628
68,68,0.4049999999990561,81,4648,0.998001,,0.004028778523206711
69,69,0.4049999999990561,81,5364,0.998001,,0.003876130183925852
70,70,0.4049999999990561,81,5110,0.998001,,0.004574474587570876
71,71,0.4049999999990561,81,5080,0.998001,,0.005174297606572509
72,72,0.4049999999990561,81,5150,0.998001,,0.004227299301419407
73,73,0.4049999999990561,81,4930,0.998001,,0.004681275284383446
74,74,0.4049999999990561,81,4571,0.998001,,0.004543094313703477
75,75,0.4049999999990561,81,3527,0.998001,,0.004121644597034901
76,76,0.4049999999990561,81,3577,0.998001,,0.0035921508097089827
77,77,0.4049999999990561,81,4427,0.998001,,0.003613384149502963
78,78,0.4049999999990561,81,4930,0.998001,,0.004135728697292507
79,79,0.4000000000009827,80,4666,0.998001,,0.0040675156051293015
80,80,0.40000000000190994,80,4805,0.998001,,0.00413752839085646
81,81,0.40000000000190994,80,4990,0.998001,,0.00434693309944123
82,82,0.40000000000190994,80,5431,0.998001,,0.003807848202995956
83,83,0.40000000000190994,80,4887,0.998001,,0.004036272352095693
84,84,0.40000000000190994,80,4329,0.998001,,0.003988904180005193
85,85,0.40000000000190994,80,4504,0.998001,,0.004110827168915421
86,86,0.40000000000190994,80,4735,0.998001,,0.004257337190210819
87,87,0.40000000000190994,80,4826,0.998001,,0.003440415544901043
88,88,0.40000000000190994,80,5012,0.998001,,0.0037132027209736407
89,89,0.40000000000190994,80,4496,0.998001,,0.0033542374440003186
90,90,0.40000000000190994,80,4910,0.998001,,0.003579687181627378
91,91,0.40000000000190994,80,4581,0.998001,,0.003677728702314198
92,92,0.40000000000190994,80,4786,0.998001,,0.0036244213406462222
93,93,0.40000000000190994,80,5120,0.998001,,0.00400150817586109
94,94,0.40000000000190994,80,5036,0.998001,,0.004047396942041814
95,95,0.40000000000190994,80,5058,0.998001,,0.0033909587073139846
96,96,0.40000000000190994,80,5079,0.998001,,0.00398024934111163
97,97,0.40000000000190994,80,4812,0.998001,,0.0038839043700136244
98,98,0.40000000000190994,80,4494,0.998001,,0.00322667951695621
99,99,0.40000000000190994,80,5262,0.998001,,0.0035598706745076925
100,100,0.40000000000190994,80,5198,0.998001,,0.00299274135613814
101,101,0.40000000000190994,80,4730,0.998001,,0.0032261694432236254
102,102,0.40000000000190994,80,4809,0.998001,,0.0029855383618269116
103,103,0.40000000000190994,80,5030,0.998001,,0.003285699582193047
104,104,0.40000000000190994,80,4920,0.998001,,0.003312586573883891
105,105,0.40000000000190994,80,5652,0.998001,,0.0031462973565794528
106,106,0.40000000000190994,80,4740,0.998001,,0.003128909389488399
107,107,0.40000000000190994,80,4329,0.998001,,0.0033990571973845363
108,108,0.40000000000190994,80,4130,0.998001,,0.0031754268566146493
109,109,0.40000000000190994,80,4777,0.998001,,0.003230823203921318
110,110,0.40000000000190994,80,4756,0.998001,,0.002864458248950541
111,111,0.40000000000190994,80,4572,0.998001,,0.002973524620756507
112,112,0.40000000000190994,80,4677,0.998001,,0.0029432275623548776
113,113,0.40000000000190994,80,5073,0.998001,,0.0031140451901592314
114,114,0.40000000000190994,80,4988,0.998001,,0.00295176132931374
115,115,0.40000000000190994,80,4667,0.998001,,0.0029411849100142717
116,116,0.40000000000190994,80,4827,0.998001,,0.0030570242961402982
117,117,0.40000000000190994,80,4490,0.998001,,0.002759028458967805
118,118,0.40000000000190994,80,5534,0.998001,,0.002969002438476309
119,119,0.40000000000190994,80,4148,0.998001,,0.0027692973671946675
120,120,0.40000000000190994,80,4782,0.998001,,0.0028710580081678927
121,121,0.40000000000190994,80,4824,0.998001,,0.0029523244011215866
122,122,0.40000000000190994,80,4795,0.998001,,0.002726794918999076
123,123,0.40000000000190994,80,4724,0.998001,,0.002683170634554699
124,124,0.40000000000190994,80,4902,0.9940149800149941,,0.002753854379989207
125,125,0.40000000000190994,80,5034,0.9940149800149941,,0.0026272556860931218
126,126,0.40000000000190994,80,4135,0.9940149800149941,,0.0026796709280461073
127,127,0.40000000000190994,80,4501,0.9940149800149941,,0.002554743899963796
128,128,0.40000000000190994,80,4852,0.9940149800149941,,0.0025637401558924466
129,129,0.40000000000190994,80,4529,0.9940149800149941,,0.0025135735340882093
130,130,0.40000000000190994,80,4988,0.9940149800149941,,0.0024363641277886927
131,131,0.40000000000190994,80,4796,0.9940149800149941,,0.0025539071939419955
132,132,0.40000000000190994,80,4853,0.9940149800149941,,0.0026419781788717955
133,133,0.40000000000190994,80,4576,0.9940149800149941,,0.0025005654752021655
134,134,0.40000000000190994,80,4902,0.9940149800149941,,0.002364468644373119
135,135,0.40000000000190994,80,4950,0.9940149800149941,,0.002613502147141844
136,136,0.40000000000190994,80,4941,0.9940149800149941,,0.0021769800514448434
137,137,0.40000000000190994,80,4149,0.9940149800149941,,0.0025166420091409236
138,138,0.40000000000190994,80,4421,0.9940149800149941,,0.0023013452882878482
139,139,0.40000000000190994,80,5002,0.9940149800149941,,0.0026166369498241693
140,140,0.40000000000190994,80,4626,0.9940149800149941,,0.0022151082957861945
141,141,0.40000000000190994,80,5231,0.9940149800149941,,0.002386515843681991
142,142,0.40000000000190994,80,4911,0.9940149800149941,,0.0023554173239972442
143,143,0.40000000000190994,80,4800,0.9940149800149941,,0.0024214965815190226
144,144,0.40000000000190994,80,4511,0.9940149800149941,,0.002542210655519739
145,145,0.40000000000190994,80,4551,0.9940149800149941,,0.0021835857623955235
146,146,0.40000000000190994,80,3582,0.9940149800149941,,0.002218522393377498
147,147,0.40000000000190994,80,4802,0.9940149800149941,,0.002315500023541972
148,148,0.40000000000190994,80,3740,0.9940149800149941,,0.002145591628504917
149,149,0.40000000000190994,80,5124,0.9940149800149941,,0.001963113551028073
150,150,0.40000000000190994,80,4051,0.9940149800149941,,0.002291320444783196
151,151,0.40000000000190994,80,5085,0.9940149800149941,,0.0021005213347962126
152,152,0.40000000000190994,80,4334,0.9940149800149941,,0.002045798144536093
153,153,0.40000000000190994,80,4803,0.9940149800149941,,0.0019623948755906895
154,154,0.40000000000190994,80,4745,0.9940149800149941,,0.0018725186528172344
155,155,0.40000000000190994,80,3500,0.9940149800149941,,0.0018841596029233187
156,156,0.40000000000190994,80,5135,0.9940149800149941,,0.0020295789145166054
157,157,0.40000000000190994,80,5227,0.9940149800149941,,0.001874065725132823
158,158,0.40000000000190994,80,4851,0.9940149800149941,,0.001978200802113861
159,159,0.40000000000190994,80,4988,0.9940149800149941,,0.001720122731057927
160,160,0.40000000000190994,80,4858,0.9940149800149941,,0.001803418097551912
161,161,0.40000000000190994,80,5033,0.9940149800149941,,0.0019281599670648575
162,162,0.40000000000190994,80,5125,0.9940149800149941,,0.0017423735407646745
163,163,0.40000000000190994,80,4880,0.9940149800149941,,0.0016494727024110034
164,164,0.40000000000190994,80,5095,0.9940149800149941,,0.0018867741746362299
165,165,0.40000000000190994,80,4739,0.9940149800149941,,0.0018472599040251225
166,166,0.40000000000190994,80,4890,0.9940149800149941,,0.0015501426241826266
167,167,0.40000000000190994,80,4005,0.9940149800149941,,0.0019326921319589019
168,168,0.40000000000190994,80,4076,0.9940149800149941,,0.0018015200621448457
169,169,0.40000000000190994,80,5403,0.9940149800149941,,0.0018667547847144306
170,170,0.40000000000190994,80,5167,0.9940149800149941,,0.0016748314665164798
171,171,0.40000000000190994,80,4986,0.9940149800149941,,0.0017048037407221273
172,172,0.40000000000190994,80,3913,0.9940149800149941,,0.0017071682959794998
173,173,0.40000000000190994,80,4891,0.9940149800149941,,0.0017123073630500585
174,174,0.40000000000190994,80,5014,0.9940149800149941,,0.001723695604596287
175,175,0.40000000000190994,80,3944,0.9940149800149941,,0.0016756358090788126
176,176,0.40000000000190994,80,4996,0.9940149800149941,,0.0018898775306297466
177,177,0.40000000000190994,80,4459,0.9940149800149941,,0.001626755081815645
178,178,0.40000000000190994,80,4370,0.9940149800149941,,0.001491693481511902
179,179,0.40000000000190994,80,4834,0.9940149800149941,,0.00152727919339668
180,180,0.40000000000190994,80,4749,0.9940149800149941,,0.00155049012391828
181,181,0.40000000000190994,80,4889,0.9940149800149941,,0.001769762864569202
182,182,0.40000000000190994,80,4962,0.9940149800149941,,0.0016601795505266637
183,183,0.40000000000190994,80,4591,0.9940149800149941,,0.0016105780232464895
184,184,0.40000000000190994,80,4152,0.9940149800149941,,0.0016971719160210341
185,185,0.40000000000190994,80,4653,0.9940149800149941,,0.0017283189372392371
186,186,0.40000000000190994,80,4596,0.9762739865836306,,0.0014832076412858441
187,187,0.40000000000190994,80,5013,0.9762739865836306,,0.0014199960423866287
188,188,0.40000000000190994,80,4641,0.9762739865836306,,0.0017092334455810487
189,189,0.40000000000190994,80,4515,0.9762739865836306,,0.0013949937565485016
190,190,0.40000000000190994,80,5081,0.9762739865836306,,0.0015381542179966345
191,191,0.40000000000190994,80,4748,0.9762739865836306,,0.0015227360709104687
192,192,0.40000000000190994,80,4895,0.9762739865836306,,0.0014044804847799242
193,193,0.40000000000190994,80,4791,0.9762739865836306,,0.0014559108385583386
194,194,0.40000000000190994,80,4923,0.9762739865836306,,0.0016540532960789278
195,195,0.40000000000190994,80,3554,0.9762739865836306,,0.0013822966138832271
196,196,0.40000000000190994,80,4171,0.9762739865836306,,0.001539480421342887
197,197,0.40000000000190994,80,5135,0.9762739865836306,,0.0016135403857333586
198,198,0.40000000000190994,80,5173,0.9762739865836306,,0.0013947275874670595
199,199,0.40000000000190994,80,4196,0.9762739865836306,,0.0012742366961902007
200,200,0.40000000000190994,80,4877,0.9762739865836306,,0.0012410094495862722
201,201,0.40000000000190994,80,4378,0.9762739865836306,,0.0014366466348292306
202,202,0.40000000000190994,80,5239,0.9762739865836306,,0.0012922857567900792
203,203,0.40000000000190994,80,5072,0.9762739865836306,,0.0013355315895751119
204,204,0.40000000000190994,80,5024,0.9762739865836306,,0.0013437195448204875
205,205,0.40000000000190994,80,5080,0.9762739865836306,,0.0011573586816666648
206,206,0.40000000000190994,80,4423,0.9762739865836306,,0.001322030002484098
207,207,0.40000000000190994,80,5263,0.9762739865836306,,0.0014913754275767133
208,208,0.40000000000190994,80,4995,0.9762739865836306,,0.0013253425277071074
209,209,0.40000000000190994,80,4545,0.9762739865836306,,0.0013940990902483463
210,210,0.40000000000190994,80,4328,0.9762739865836306,,0.0012682639353442937
211,211,0.40000000000190994,80,3517,0.9762739865836306,,0.0011746507661882788
212,212,0.40000000000190994,80,4931,0.9762739865836306,,0.0011148798803333193
213,213,0.40000000000190994,80,5124,0.9762739865836306,,0.0011177012347616255
214,214,0.40000000000190994,80,4915,0.9762739865836306,,0.0011245501082157716
215,215,0.40000000000190994,80,4978,0.9762739865836306,,0.0015023398154880852
216,216,0.40000000000190994,80,4161,0.9762739865836306,,0.0012348313757684082
217,217,0.40000000000190994,80,3978,0.9762739865836306,,0.0012420421408023685
218,218,0.40000000000190994,80,3967,0.9762739865836306,,0.001159171006293036
219,219,0.40000000000190994,80,4638,0.9762739865836306,,0.0011097950191469863
220,220,0.40000000000190994,80,4754,0.9762739865836306,,0.0013113272580085322
221,221,0.40000000000190994,80,4662,0.9762739865836306,,0.0012503232283052057
222,222,0.40000000000190994,80,4649,0.9762739865836306,,0.0012406019814079627
223,223,0.40000000000190994,80,4455,0.9762739865836306,,0.0010904423979809508
224,224,0.40000000000190994,80,4920,0.9762739865836306,,0.0011852940006065182
225,225,0.40000000000190994,80,4986,0.9762739865836306,,0.0009551836701575667
226,226,0.40000000000190994,80,5210,0.9762739865836306,,0.0008902049376047216
227,227,0.40000000000190994,80,4619,0.9762739865836306,,0.0011646300117718056
228,228,0.40000000000190994,80,5293,0.9762739865836306,,0.0011249792732996866
229,229,0.40000000000190994,80,4789,0.9762739865836306,,0.0012735858690575697
230,230,0.40000000000190994,80,4958,0.9762739865836306,,0.0011315093142911792
231,231,0.40000000000190994,80,5160,0.9762739865836306,,0.0010636370570864528
232,232,0.40000000000190994,80,5245,0.9762739865836306,,0.001026499638101086
233,233,0.40000000000190994,80,4706,0.9762739865836306,,0.0009429047277080826
234,234,0.40000000000190994,80,4989,0.9762739865836306,,0.0010670263873180375
235,235,0.40000000000190994,80,5309,0.9762739865836306,,0.001012817898299545
236,236,0.40000000000190994,80,4769,0.9762739865836306,,0.0009437714834348299
237,237,0.40000000000190994,80,4943,0.9762739865836306,,0.0008511162304785103
238,238,0.40000000000190994,80,5359,0.9762739865836306,,0.0010451847774675116
239,239,0.40000000000190994,80,5224,0.9762739865836306,,0.0008843102696118876
240,240,0.40000000000190994,80,4945,0.9762739865836306,,0.0009338798699900508
241,241,0.40000000000190994,80,4742,0.9762739865836306,,0.0008933032804634422
242,242,0.40000000000190994,80,4910,0.9762739865836306,,0.0008697880693944171
243,243,0.40000000000190994,80,4633,0.9762739865836306,,0.0008296120940940455
244,244,0.40000000000190994,80,5233,0.9762739865836306,,0.0009912718087434769
245,245,0.40000000000190994,80,4851,0.9762739865836306,,0.0009278940051444806
246,246,0.40000000000190994,80,4964,0.9762739865836306,,0.0008107077737804502
247,247,0.40000000000190994,80,4295,0.9762739865836306,,0.0008989294074126519
248,248,0.40000000000190994,80,5155,0.9762739865836306,,0.0008346204340341501
249,249,0.40000000000190994,80,5161,0.8868671875860655,,0.0007778818107908592
250,250,0.40000000000190994,80,4802,0.8868671875860655,,0.0007347603677771986
251,251,0.40000000000190994,80,4480,0.8868671875860655,,0.0008734612492844462
252,252,0.40000000000190994,80,5445,0.8868671875860655,,0.0008576380059821531
253,253,0.40000000000190994,80,4451,0.8868671875860655,,0.0008340951171703637
254,254,0.40000000000190994,80,4731,0.8868671875860655,,0.0008937351012718864
255,255,0.40000000000190994,80,4870,0.8868671875860655,,0.0008576282270951197
256,256,0.40000000000190994,80,5224,0.8868671875860655,,0.0007619902971782722
257,257,0.40000000000190994,80,5090,0.8868671875860655,,0.0007743746537016705
258,258,0.40000000000190994,80,4951,0.8868671875860655,,0.0007488604678655975
259,259,0.40000000000190994,80,4687,0.8868671875860655,,0.0007031476707197726
260,260,0.40000000000190994,80,4846,0.8868671875860655,,0.0007831778202671558
261,261,0.40000000000190994,80,5016,0.8868671875860655,,0.0007729764402029105
262,262,0.40000000000190994,80,4770,0.8868671875860655,,0.0007761743836454116
263,263,0.40000000000190994,80,4779,0.8868671875860655,,0.0006745818900526501
264,264,0.40000000000190994,80,4552,0.8868671875860655,,0.0006761133190593682
265,265,0.40000000000190994,80,4498,0.8868671875860655,,0.0007440016270265914
266,266,0.40000000000190994,80,4950,0.8868671875860655,,0.0006329216448648367
267,267,0.40000000000190994,80,4767,0.8868671875860655,,0.0007355648049269803
268,268,0.40000000000190994,80,5014,0.8868671875860655,,0.0006199324197950773
269,269,0.40000000000190994,80,4290,0.8868671875860655,,0.000707951927324757
270,270,0.40000000000190994,80,4752,0.8868671875860655,,0.000669318251311779
271,271,0.40000000000190994,80,4936,0.8868671875860655,,0.0006235811742953956
272,272,0.40000000000190994,80,4969,0.8868671875860655,,0.0006972036208026111
273,273,0.40000000000190994,80,5132,0.8868671875860655,,0.0006580632398254238
274,274,0.40000000000190994,80,4835,0.8868671875860655,,0.0006586682429770008
275,275,0.40000000000190994,80,4871,0.8868671875860655,,0.0007241064449772239
276,276,0.40000000000190994,80,4970,0.8868671875860655,,0.0006529506499646232
277,277,0.40000000000190994,80,5268,0.8868671875860655,,0.0006824032607255504
278,278,0.40000000000190994,80,4731,0.8868671875860655,,0.0006239174254005775
279,279,0.40000000000190994,80,4705,0.8868671875860655,,0.0006246276825550012
280,280,0.40000000000190994,80,4940,0.8868671875860655,,0.0005914249995839782
281,281,0.40000000000190994,80,4809,0.8868671875860655,,0.0006296466817730106
282,282,0.40000000000190994,80,4418,0.8868671875860655,,0.0006196070316946134
283,283,0.40000000000190994,80,5024,0.8868671875860655,,0.0005659408270730637
284,284,0.40000000000190994,80,4449,0.8868671875860655,,0.0005267053784336895
285,285,0.40000000000190994,80,4569,0.8868671875860655,,0.0006209104103618301
286,286,0.40000000000190994,80,4589,0.8868671875860655,,0.0005305600861902349
287,287,0.40000000000190994,80,4735,0.8868671875860655,,0.0006080123275751248
288,288,0.40000000000190994,80,4123,0.8868671875860655,,0.0004795114728040062
289,289,0.40000000000190994,80,4632,0.8868671875860655,,0.0005916700247325934
290,290,0.40000000000190994,80,4888,0.8868671875860655,,0.0005675788270309567
291,291,0.40000000000190994,80,5006,0.8868671875860655,,0.0005156362676643766
292,292,0.40000000000190994,80,5164,0.8868671875860655,,0.0004949557915097103
293,293,0.40000000000190994,80,4758,0.8868671875860655,,0.0006047697243047878
294,294,0.40000000000190994,80,5085,0.8868671875860655,,0.0005425679773907177
295,295,0.40000000000190994,80,4728,0.8868671875860655,,0.0005535259624593891
296,296,0.40000000000190994,80,4966,0.8868671875860655,,0.000503321920405142
297,297,0.40000000000190994,80,5104,0.8868671875860655,,0.0005074954351584893
298,298,0.40000000000190994,80,4878,0.8868671875860655,,0.000554329264559783
299,299,0.40000000000190994,80,4818,0.8868671875860655,,0.000514561303134542
300,300,0.40000000000190994,80,4935,0.8868671875860655,,0.0004169669991824776
301,301,0.40000000000190994,80,4649,0.8868671875860655,,0.00047402759082615376
302,302,0.40000000000190994,80,4501,0.8868671875860655,,0.0004843578062718734
303,303,0.40000000000190994,80,4697,0.8868671875860655,,0.0005191425734665245
304,304,0.40000000000190994,80,4923,0.8868671875860655,,0.000524619325005915
305,305,0.40000000000190994,80,5159,0.8868671875860655,,0.00042045868758577853
306,306,0.40000000000190994,80,4861,0.8868671875860655,,0.00043530591574381106
307,307,0.40000000000190994,80,4845,0.8868671875860655,,0.0004496206238400191
308,308,0.40000000000190994,80,4557,0.8868671875860655,,0.0004604638088494539
309,309,0.40000000000190994,80,4860,0.8868671875860655,,0.00040185527177527547
310,310,0.40000000000190994,80,4443,0.8868671875860655,,0.0003554074282874353
311,311,0.40000000000190994,80,4787,0.4865769398194597,,0.0004869372278335504
312,312,0.40000000000190994,80,4994,0.4865769398194597,,0.00041619025796535425
313,313,0.40000000000190994,80,4637,0.4865769398194597,,0.00040194448229158297
314,314,0.40000000000190994,80,4695,0.4865769398194597,,0.0004573673795675859
315,315,0.40000000000190994,80,4883,0.4865769398194597,,0.0003685918672999833
316,316,0.40000000000190994,80,4329,0.4865769398194597,,0.0003893407447321806
317,317,0.40000000000190994,80,4517,0.4865769398194597,,0.0004275403844076209
318,318,0.40000000000190994,80,4743,0.4865769398194597,,0.00038429339474532753
319,319,0.40499999999410363,81,5011,0.4865769398194597,,0.00036438037204789
320,320,0.404999999990423,81,4984,0.4865769398194597,,0.00035086003845208324
321,321,0.404999999990423,81,4498,0.4865769398194597,,0.0003855698960251175
322,322,0.404999999990423,81,4843,0.4865769398194597,,0.00039133702375693247
323,323,0.404999999990423,81,4357,0.4865769398194597,,0.0003765871915675234
324,324,0.404999999990423,81,4596,0.4865769398194597,,0.0003793217765633017
325,325,0.404999999990423,81,4723,0.4865769398194597,,0.0003374948792043142
326,326,0.404999999990423,81,4167,0.4865769398194597,,0.0003501791761664208
327,327,0.404999999990423,81,4627,0.4865769398194597,,0.0003461427077127155
328,328,0.404999999990423,81,4570,0.4865769398194597,,0.0003345268669363577
329,329,0.404999999990423,81,4788,0.4865769398194597,,0.0003790478003793396
330,330,0.404999999990423,81,4393,0.4865769398194597,,0.0003312089465907775
331,331,0.404999999990423,81,4537,0.4865769398194597,,0.00036717568582389504
332,332,0.404999999990423,81,4374,0.4865769398194597,,0.00036741275471285917
333,333,0.404999999990423,81,4409,0.4865769398194597,,0.0003107114062004257
334,334,0.404999999990423,81,4692,0.4865769398194597,,0.00035776103686657734
335,335,0.404999999990423,81,4615,0.4865769398194597,,0.00034100587072316557
336,336,0.404999999990423,81,4863,0.4865769398194597,,0.0002869363561330829
337,337,0.404999999990423,81,4607,0.4865769398194597,,0.00033466344393673353
338,338,0.404999999990423,81,4396,0.4865769398194597,,0.00034263296038261615
339,339,0.404999999990423,81,4635,0.4865769398194597,,0.0003016605041921139
340,340,0.404999999990423,81,4668,0.4865769398194597,,0.0003169691626681015
341,341,0.404999999990423,81,4780,0.4865769398194597,,0.0003435152757447213
342,342,0.404999999990423,81,4868,0.4865769398194597,,0.0003987850977864582
343,343,0.404999999990423,81,4481,0.4865769398194597,,0.0003217575831513386
344,344,0.404999999990423,81,4641,0.4865769398194597,,0.00031514429065282457
345,345,0.404999999990423,81,4730,0.4865769398194597,,0.00032369721884606406
346,346,0.404999999990423,81,4489,0.4865769398194597,,0.000285206719127018
347,347,0.404999999990423,81,4652,0.4865769398194597,,0.0003204671884304844
348,348,0.404999999990423,81,4993,0.4865769398194597,,0.000323783177009318
349,349,0.404999999990423,81,4769,0.4865769398194597,,0.0003001090735779144
350,350,0.404999999990423,81,4637,0.4865769398194597,,0.0003017997878487222
351,351,0.404999999990423,81,4096,0.4865769398194597,,0.00032748703597462736
352,352,0.404999999990423,81,4522,0.4865769398194597,,0.0002758867558441125
353,353,0.404999999990423,81,4629,0.4865769398194597,,0.0002995471986650955
354,354,0.404999999990423,81,4895,0.4865769398194597,,0.0002776052278932184
355,355,0.404999999990423,81,4420,0.4865769398194597,,0.00031973196018952876
356,356,0.404999999990423,81,4613,0.4865769398194597,,0.0003011314693139866
357,357,0.404999999990423,81,5068,0.4865769398194597,,0.0003009677202499006
358,358,0.404999999990423,81,4322,0.4865769398194597,,0.0002964495106425602
359,359,0.404999999990423,81,4480,0.4865769398194597,,0.00029424941749311984
360,360,0.404999999990423,81,4323,0.4865769398194597,,0.00024053223751252517
361,361,0.404999999990423,81,4872,0.4865769398194597,,0.00026027280182461254
362,362,0.404999999990423,81,4439,0.4865769398194597,,0.0002715485134103801
363,363,0.404999999990423,81,4505,0.4865769398194597,,0.000254710583249107
364,364,0.404999999990423,81,4808,0.4865769398194597,,0.00025777079645195045
365,365,0.404999999990423,81,4853,0.4865769398194597,,0.0002588322386145592
366,366,0.404999999990423,81,4496,0.4865769398194597,,0.0002568986365076853
367,367,0.404999999990423,81,4722,0.4865769398194597,,0.00023661846717004664
368,368,0.404999999990423,81,4789,0.4865769398194597,,0.0002527623510104604
369,369,0.404999999990423,81,4371,0.4865769398194597,,0.00022361220908351243
370,370,0.404999999990423,81,4460,0.4865769398194597,,0.0002411155255686026
371,371,0.404999999990423,81,4689,0.4865769398194597,,0.0002159869509341661
372,372,0.404999999990423,81,4527,0.4865769398194597,,0.0002559535678301472
373,373,0.404999999990423,81,4683,0.01,,0.0002540180921641877
374,374,0.404999999990423,81,4121,0.01,,0.0002229810634162277
375,375,0.404999999990423,81,4198,0.01,,0.00023103541207092348
376,376,0.404999999990423,81,4415,0.01,,0.00021123634360264987
377,377,0.404999999990423,81,4133,0.01,,0.000221476519072894
378,378,0.404999999990423,81,4171,0.01,,0.00021877483595744707
379,379,0.404999999990423,81,4283,0.01,,0.0001894354099931661
380,380,0.404999999990423,81,4121,0.01,,0.00024656961795699317
381,381,0.404999999990423,81,4121,0.01,,0.00021325718989828601
382,382,0.404999999990423,81,4121,0.01,,0.00021611365446005948
383,383,0.404999999990423,81,4121,0.01,,0.0002129235799657181
384,384,0.404999999990423,81,4121,0.01,,0.00022639832968707196
385,385,0.404999999990423,81,4121,0.01,,0.00020204374959575944
386,386,0.404999999990423,81,4121,0.01,,0.0002090481993946014
387,387,0.404999999990423,81,4165,0.01,,0.00021591153017652687
388,388,0.404999999990423,81,4150,0.01,,0.00021450561871461105
389,389,0.404999999990423,81,4121,0.01,,0.00022988417913438752
390,390,0.404999999990423,81,4440,0.01,,0.00023228063582791947
391,391,0.404999999990423,81,4121,0.01,,0.0002382529819442425
392,392,0.404999999990423,81,4132,0.01,,0.00016775692529336084
393,393,0.404999999990423,81,4121,0.01,,0.0002093272614729358
394,394,0.404999999990423,81,4094,0.01,,0.00019864530986524187
395,395,0.404999999990423,81,4121,0.01,,0.00020349429541965947
396,396,0.404999999990423,81,4121,0.01,,0.0001855095979408361
397,397,0.404999999990423,81,4154,0.01,,0.00020218433382979129
398,398,0.404999999990423,81,4188,0.01,,0.00018504655417928007
399,399,0.404999999990423,81,4121,0.01,,0.0001873896071629133
400,400,0.404999999990423,81,4121,0.01,,0.00020159831728960853
401,401,0.404999999990423,81,4121,0.01,,0.00016134833640535362
402,402,0.404999999990423,81,4121,0.01,,0.0001818774180719629
403,403,0.404999999990423,81,4167,0.01,,0.00019736995454877615
404,404,0.404999999990423,81,4120,0.01,,0.00019441097902017646
405,405,0.404999999990423,81,4121,0.01,,0.0001850436983659165
406,406,0.404999999990423,81,4071,0.01,,0.00021616428784909658
407,407,0.404999999990423,81,4308,0.01,,0.00018928326244349591
408,408,0.404999999990423,81,4121,0.01,,0.0001642901133891428
409,409,0.404999999990423,81,4121,0.01,,0.00016626238175376784
410,410,0.404999999990423,81,4121,0.01,,0.00018756173631118145
411,411,0.404999999990423,81,4121,0.01,,0.00016609684098511934
412,412,0.404999999990423,81,4121,0.01,,0.00018072333296004217
413,413,0.404999999990423,81,4121,0.01,,0.00016082355250546243
414,414,0.404999999990423,81,4121,0.01,,0.00017925740939972457
415,415,0.404999999990423,81,4121,0.01,,0.00018823924983735196
416,416,0.404999999990423,81,4121,0.01,,0.0001609828177606687
417,417,0.404999999990423,81,4121,0.01,,0.0001626529046916403
418,418,0.404999999990423,81,4088,0.01,,0.0001635931166674709
419,419,0.404999999990423,81,4121,0.01,,0.0001450922827643808
420,420,0.404999999990423,81,4121,0.01,,0.00014709040078741964
421,421,0.404999999990423,81,4223,0.01,,0.00017303012464253698
422,422,0.404999999990423,81,4181,0.01,,0.00016694934674887918
423,423,0.404999999990423,81,4121,0.01,,0.00016523307567695156
424,424,0.404999999990423,81,4059,0.01,,0.00017620450125832576
425,425,0.404999999990423,81,4121,0.01,,0.00016033433166739997
426,426,0.404999999990423,81,4192,0.01,,0.0001650271769904066
427,427,0.404999999990423,81,4121,0.01,,0.00018957390420837328
428,428,0.404999999990423,81,4196,0.01,,0.00013656451665156055
429,429,0.404999999990423,81,4121,0.01,,0.00014193387505656574
430,430,0.404999999990423,81,4121,0.01,,0.00013116017362335697
431,431,0.404999999990423,81,4121,0.01,,0.00014115130761638284
432,432,0.404999999990423,81,4121,0.01,,0.00014686688336951192
433,433,0.404999999990423,81,4217,0.01,,0.00015525037451880053
434,434,0.404999999990423,81,4121,0.01,,0.00015282054118870292
435,435,0.404999999990423,81,4406,0.01,,0.00014431988893193193
436,436,0.404999999990423,81,4121,0.01,,0.000172012674738653
437,437,0.404999999990423,81,4121,0.01,,0.0001508496206952259
438,438,0.404999999990423,81,4276,0.01,,0.00014694989476993214
439,439,0.404999999990423,81,4140,0.01,,0.00015035985052236356
440,440,0.404999999990423,81,4121,0.01,,0.0001670749879849609
441,441,0.404999999990423,81,4121,0.01,,0.00014161396757117473
442,442,0.404999999990423,81,4121,0.01,,0.00014585477583750617
443,443,0.404999999990423,81,4121,0.01,,0.00013624873645312618
444,444,0.404999999990423,81,4054,0.01,,0.00015140715731831733
445,445,0.404999999990423,81,4173,0.01,,0.00014374919555848464
446,446,0.404999999990423,81,4252,0.01,,0.00013085987120575737
447,447,0.404999999990423,81,4193,0.01,,0.00014498760538117494
448,448,0.404999999990423,81,4121,0.01,,0.0001296630216529593
449,449,0.404999999990423,81,4045,0.01,,0.00013120756739226636
450,450,0.404999999990423,81,4163,0.01,,0.00014244169324229006
451,451,0.404999999990423,81,4121,0.01,,0.00013276921890792437
452,452,0.404999999990423,81,4158,0.01,,0.00014383070993062574
453,453,0.404999999990423,81,4121,0.01,,0.0001479332768212771
454,454,0.404999999990423,81,4190,0.01,,0.0001412071014783578
455,455,0.404999999990423,81,4121,0.01,,0.00014186161388352048
456,456,0.404999999990423,81,4121,0.01,,0.00013352940368349664
457,457,0.404999999990423,81,4105,0.01,,0.00012916636114823632
458,458,0.404999999990423,81,4121,0.01,,0.0001286314000026323
459,459,0.404999999990423,81,4121,0.01,,0.00012653947123908438
460,460,0.404999999990423,81,4150,0.01,,0.0001194736596517032
461,461,0.404999999990423,81,4121,0.01,,0.0001483334053773433
462,462,0.404999999990423,81,4165,0.01,,0.00012615850937436335
463,463,0.404999999990423,81,4121,0.01,,0.00013984822544443887
464,464,0.404999999990423,81,4338,0.01,,0.000121087628940586
465,465,0.404999999990423,81,4121,0.01,,0.00014512709458358586
466,466,0.404999999990423,81,4121,0.01,,0.0001238275144714862
467,467,0.404999999990423,81,4110,0.01,,0.00013847610898665152
468,468,0.404999999990423,81,4227,0.01,,0.00011938240277231671
469,469,0.404999999990423,81,4121,0.01,,0.00013321551159606315
470,470,0.404999999990423,81,4298,0.01,,0.00013218516869528685
471,471,0.404999999990423,81,4121,0.01,,0.00013701085481443442
472,472,0.404999999990423,81,4121,0.01,,0.0001293106506636832
473,473,0.404999999990423,81,4395,0.01,,0.00013844791101291776
474,474,0.404999999990423,81,4121,0.01,,0.00012006944962195121
475,475,0.404999999990423,81,4121,0.01,,0.00012019291352771688
476,476,0.404999999990423,81,4059,0.01,,0.00013363868129090406
477,477,0.404999999990423,81,4114,0.01,,0.00011252949479967356
478,478,0.404999999990423,81,4121,0.01,,0.0001280574233533116
479,479,0.404999999990423,81,4137,0.01,,0.0001268404557777103
480,480,0.404999999990423,81,4207,0.01,,0.00012554020031529944
481,481,0.404999999990423,81,4161,0.01,,0.00012063045687682461
482,482,0.404999999990423,81,4121,0.01,,0.0001228529799846001
483,483,0.404999999990423,81,4121,0.01,,0.00014207566709956154
484,484,0.404999999990423,81,4112,0.01,,0.00011267164609307656
485,485,0.404999999990423,81,4121,0.01,,0.00012127070112910587
486,486,0.404999999990423,81,4121,0.01,,0.00012213133777549956
487,487,0.404999999990423,81,4118,0.01,,0.00010840314098459203
488,488,0.404999999990423,81,4121,0.01,,0.00012647668336285278
489,489,0.404999999990423,81,4121,0.01,,0.00011051280671381392
490,490,0.404999999990423,81,4121,0.01,,0.00010256707537337206
491,491,0.404999999990423,81,4121,0.01,,0.00011493870351841906
492,492,0.404999999990423,81,4159,0.01,,0.00011070273831137456
493,493,0.404999999990423,81,4121,0.01,,0.00011317055577819701
494,494,0.404999999990423,81,4121,0.01,,0.00010676450983737595
495,495,0.404999999990423,81,4154,0.01,,9.516316276858561e-05
496,496,0.404999999990423,81,4142,0.01,,0.00011584047570067924
497,497,0.404999999990423,81,4121,0.01,,0.0001181264960905537
498,498,0.404999999990423,81,4121,0.01,,0.00010831363033503294
499,499,0.404999999990423,81,4132,0.01,,0.00011040054050681647
500,500,0.404999999990423,81,4121,0.01,,0.00011071726203226717
501,501,0.404999999990423,81,4121,0.01,,0.00010539844879531302
502,502,0.404999999990423,81,4121,0.01,,0.00010536062654864509
503,503,0.404999999990423,81,4121,0.01,,9.997945926443208e-05
504,504,0.404999999990423,81,4121,0.01,,0.00011069327592849731
505,505,0.404999999990423,81,4210,0.01,,0.00010312311769666849
506,506,0.404999999990423,81,4200,0.01,,0.00010195908726018388
507,507,0.404999999990423,81,4121,0.01,,0.00010921530520136002
508,508,0.404999999990423,81,4121,0.01,,0.0001023721051751636
509,509,0.404999999990423,81,4121,0.01,,0.00010300423400622094
510,510,0.404999999990423,81,4121,0.01,,0.00011604548490140587
511,511,0.404999999990423,81,4196,0.01,,9.639832023822237e-05
512,512,0.404999999990423,81,4121,0.01,,0.000106934538052883
513,513,0.404999999990423,81,4121,0.01,,0.00010769625896500656
514,514,0.404999999990423,81,4121,0.01,,0.00010881834714382421
515,515,0.404999999990423,81,4121,0.01,,0.00010207482227997389
516,516,0.404999999990423,81,4121,0.01,,9.995553227781784e-05
517,517,0.404999999990423,81,4121,0.01,,9.810270057641901e-05
518,518,0.404999999990423,81,4121,0.01,,0.00010972849850077182
519,519,0.404999999990423,81,4121,0.01,,0.00010890359590121079
520,520,0.404999999990423,81,4177,0.01,,8.76784779393347e-05
521,521,0.404999999990423,81,4203,0.01,,9.449772551306523e-05
522,522,0.404999999990423,81,4121,0.01,,9.626201972423587e-05
523,523,0.404999999990423,81,4121,0.01,,9.242244232154917e-05
524,524,0.404999999990423,81,4121,0.01,,0.00010053597452497343
525,525,0.404999999990423,81,4165,0.01,,0.00010223114986729342
526,526,0.404999999990423,81,4121,0.01,,9.922274421114707e-05
527,527,0.404999999990423,81,4121,0.01,,9.540999235468917e-05
528,528,0.404999999990423,81,4121,0.01,,9.146249067271128e-05
529,529,0.404999999990423,81,4121,0.01,,0.0001009136221910012
530,530,0.404999999990423,81,4102,0.01,,9.00741451914655e-05
531,531,0.404999999990423,81,4211,0.01,,8.470300690532895e-05
532,532,0.404999999990423,81,4121,0.01,,9.190090622723801e-05
533,533,0.404999999990423,81,4081,0.01,,9.809766561375e-05
534,534,0.404999999990423,81,4121,0.01,,8.757324667385546e-05
535,535,0.404999999990423,81,4121,0.01,,9.724080700834747e-05
536,536,0.404999999990423,81,4121,0.01,,9.881648202281212e-05
537,537,0.404999999990423,81,4121,0.01,,9.633742592995986e-05
538,538,0.404999999990423,81,4121,0.01,,9.162025799014373e-05
539,539,0.404999999990423,81,4121,0.01,,0.0001015928737615468
540,540,0.404999999990423,81,4121,0.01,,0.0001029951299642562
541,541,0.404999999990423,81,4178,0.01,,0.00010011790800490417
542,542,0.404999999990423,81,4121,0.01,,8.703143976163119e-05
543,543,0.404999999990423,81,4121,0.01,,8.303311369672883e-05
544,544,0.404999999990423,81,4121,0.01,,9.149600919045042e-05
545,545,0.404999999990423,81,4121,0.01,,8.812508349365089e-05
546,546,0.404999999990423,81,4121,0.01,,9.023950588016305e-05
547,547,0.404999999990423,81,4121,0.01,,9.278276957047638e-05
548,548,0.404999999990423,81,4121,0.01,,8.252724728663452e-05
549,549,0.404999999990423,81,4121,0.01,,8.360379251826089e-05
550,550,0.404999999990423,81,4121,0.01,,8.25075894681504e-05
551,551,0.404999999990423,81,4121,0.01,,8.666909252497135e-05
552,552,0.404999999990423,81,4121,0.01,,9.16638482522103e-05
553,553,0.404999999990423,81,4121,0.01,,8.059265564952511e-05
554,554,0.404999999990423,81,4121,0.01,,8.719182369532064e-05
555,555,0.404999999990423,81,4121,0.01,,8.270623402495403e-05
556,556,0.404999999990423,81,4121,0.01,,8.096119472611463e-05
557,557,0.404999999990423,81,4121,0.01,,7.916209870018065e-05
558,558,0.404999999990423,81,4121,0.01,,8.577291737310588e-05
559,559,0.404999999990423,81,4121,0.01,,8.917529521568213e-05
560,560,0.404999999990423,81,4121,0.01,,7.49815635572304e-05
561,561,0.404999999990423,81,4121,0.01,,8.72182226885343e-05
562,562,0.404999999990423,81,4121,0.01,,8.224958128266735e-05
563,563,0.404999999990423,81,4075,0.01,,8.126976808853215e-05
564,564,0.404999999990423,81,4180,0.01,,9.456097268412123e-05
565,565,0.404999999990423,81,4198,0.01,,7.978806479513878e-05
566,566,0.404999999990423,81,4121,0.01,,7.678635756747099e-05
567,567,0.404999999990423,81,4121,0.01,,7.475310940208146e-05
568,568,0.404999999990423,81,4121,0.01,,7.522527903347509e-05
569,569,0.404999999990423,81,4117,0.01,,8.722367419977672e-05
570,570,0.404999999990423,81,4121,0.01,,7.810293573129456e-05
571,571,0.404999999990423,81,4161,0.01,,7.886559797043446e-05
572,572,0.404999999990423,81,4121,0.01,,7.906150858616456e-05
573,573,0.404999999990423,81,4039,0.01,,7.523028307332424e-05
574,574,0.404999999990423,81,4121,0.01,,7.33696933821193e-05
575,575,0.404999999990423,81,4194,0.01,,8.66067421156913e-05
576,576,0.404999999990423,81,4135,0.01,,8.000597426871536e-05
577,577,0.404999999990423,81,4121,0.01,,7.686657500016736e-05
578,578,0.404999999990423,81,4121,0.01,,7.289486347872298e-05
579,579,0.404999999990423,81,4121,0.01,,6.991907594056102e-05
580,580,0.404999999990423,81,4121,0.01,,8.152431837515905e-05
581,581,0.404999999990423,81,4121,0.01,,7.318884763662936e-05
582,582,0.404999999990423,81,4121,0.01,,7.38513936084928e-05
583,583,0.404999999990423,81,4129,0.01,,8.138718840200454e-05
584,584,0.404999999990423,81,4244,0.01,,7.558143261121586e-05
585,585,0.404999999990423,81,4183,0.01,,8.041671935643535e-05
586,586,0.404999999990423,81,4121,0.01,,7.095554428815376e-05
587,587,0.404999999990423,81,4153,0.01,,6.633791144849965e-05
588,588,0.404999999990423,81,4121,0.01,,7.226945126603823e-05
589,589,0.404999999990423,81,4121,0.01,,7.659544189664302e-05
590,590,0.404999999990423,81,4091,0.01,,7.149545308493543e-05
591,591,0.404999999990423,81,4121,0.01,,6.153976028144825e-05
592,592,0.404999999990423,81,4121,0.01,,8.266636723419651e-05
593,593,0.404999999990423,81,4121,0.01,,6.715914787491783e-05
594,594,0.404999999990423,81,4121,0.01,,6.949008638912346e-05
595,595,0.404999999990423,81,4121,0.01,,6.788895097997738e-05
596,596,0.404999999990423,81,4171,0.01,,7.292803093150724e-05
597,597,0.404999999990423,81,4241,0.01,,8.026711020647781e-05
598,598,0.404999999990423,81,4175,0.01,,6.289021712291287e-05
599,599,0.404999999990423,81,4066,0.01,,6.377027148118941e-05
600,600,0.404999999990423,81,4154,0.01,,6.430549183278345e-05
601,601,0.404999999990423,81,4121,0.01,,7.069480489008129e-05
602,602,0.404999999990423,81,4026,0.01,,6.623372792091686e-05
603,603,0.404999999990423,81,4121,0.01,,6.949989256099798e-05
604,604,0.404999999990423,81,4077,0.01,,7.163292775658192e-05
605,605,0.404999999990423,81,4121,0.01,,6.867961110401666e-05
606,606,0.404999999990423,81,4121,0.01,,6.57813916404848e-05
607,607,0.404999999990423,81,4114,0.01,,6.022784145898186e-05
608,608,0.404999999990423,81,4121,0.01,,6.316346571111353e-05
609,609,0.404999999990423,81,4121,0.01,,7.259481571963988e-05
610,610,0.404999999990423,81,4121,0.01,,6.86573175698868e-05
611,611,0.404999999990423,81,4121,0.01,,5.398147004598286e-05
612,612,0.404999999990423,81,4098,0.01,,6.22604820819106e-05
613,613,0.404999999990423,81,4190,0.01,,6.546837721543852e-05
614,614,0.404999999990423,81,4177,0.01,,6.423405648092739e-05
615,615,0.404999999990423,81,4121,0.01,,5.7673020819493104e-05
616,616,0.404999999990423,81,4121,0.01,,6.232957002794137e-05
617,617,0.404999999990423,81,4095,0.01,,6.644555105594918e-05
618,618,0.404999999990423,81,4121,0.01,,5.895260619581677e-05
619,619,0.404999999990423,81,4073,0.01,,5.906738169869641e-05
620,620,0.404999999990423,81,4121,0.01,,6.170773303892929e-05
621,621,0.404999999990423,81,4152,0.01,,5.449664695333922e-05
622,622,0.404999999990423,81,4121,0.01,,5.630451141769299e-05
623,623,0.404999999990423,81,4121,0.01,,6.080732600821648e-05
624,624,0.404999999990423,81,4121,0.01,,6.380315608112141e-05
625,625,0.404999999990423,81,4121,0.01,,6.0092118928878335e-05
626,626,0.404999999990423,81,4121,0.01,,5.873970985703636e-05
627,627,0.404999999990423,81,4113,0.01,,5.3456806199392304e-05
628,628,0.404999999990423,81,4120,0.01,,6.074595967220375e-05
629,629,0.404999999990423,81,4121,0.01,,6.56580668874085e-05
630,630,0.404999999990423,81,4071,0.01,,5.161512399354251e-05
631,631,0.404999999990423,81,4168,0.01,,6.451936314988416e-05
632,632,0.404999999990423,81,4121,0.01,,5.6365671298408415e-05
633,633,0.404999999990423,81,4121,0.01,,5.5780641559977084e-05
634,634,0.404999999990423,81,4121,0.01,,5.848457294632681e-05
635,635,0.40499999999045144,81,4121,0.01,,5.30594434167142e-05
636,636,0.404999999990423,81,4121,0.01,,5.6852806210372364e-05
637,637,0.404999999990423,81,4121,0.01,,5.9762717683042865e-05
638,638,0.404999999990423,81,4121,0.01,,5.375374712457415e-05
639,639,0.404999999990423,81,4121,0.01,,5.47558474863763e-05
640,640,0.404999999990423,81,4121,0.01,,5.8456275837670546e-05
641,641,0.404999999990423,81,4121,0.01,,5.7732722780201584e-05
642,642,0.404999999990423,81,4121,0.01,,5.150838433110039e-05
643,643,0.404999999990423,81,4121,0.01,,4.722493713416043e-05
644,644,0.404999999990423,81,4121,0.01,,5.12116530444473e-05
645,645,0.404999999990423,81,4121,0.01,,5.054891107647563e-05
646,646,0.404999999990423,81,4121,0.01,,5.271364079817431e-05
647,647,0.404999999990423,81,4121,0.01,,4.936954519507708e-05
648,648,0.404999999990423,81,4121,0.01,,5.361139983506291e-05
649,649,0.404999999990423,81,4121,0.01,,4.9319612571707694e-05
650,650,0.404999999990423,81,4121,0.01,,4.613888540916378e-05
651,651,0.404999999990423,81,4111,0.01,,4.808977746506571e-05
652,652,0.404999999990423,81,4121,0.01,,5.2534712267515715e-05
653,653,0.404999999990423,81,4121,0.01,,5.1497230742825195e-05
654,654,0.404999999990423,81,4171,0.01,,5.030615830037277e-05
655,655,0.404999999990423,81,4121,0.01,,4.8459442041348666e-05
656,656,0.404999999990423,81,4225,0.01,,5.6873434004955925e-05
657,657,0.404999999990423,81,4212,0.01,,4.899483610643074e-05
658,658,0.404999999990423,81,4121,0.01,,5.01646372867981e-05
659,659,0.404999999990423,81,4102,0.01,,4.52557083008287e-05
660,660,0.404999999990423,81,4112,0.01,,4.7716252993268427e-05
661,661,0.404999999990423,81,4087,0.01,,5.000349847250618e-05
662,662,0.404999999990423,81,4121,0.01,,4.37467974734318e-05
663,663,0.404999999990423,81,4121,0.01,,5.3067421504238155e-05
664,664,0.404999999990423,81,4121,0.01,,4.648033973353449e-05
665,665,0.404999999990423,81,4121,0.01,,4.234577045281185e-05
666,666,0.404999999990423,81,4121,0.01,,4.5168399992689956e-05
667,667,0.404999999990423,81,4155,0.01,,5.00950245623244e-05
668,668,0.404999999990423,81,4121,0.01,,4.666070208259043e-05
669,669,0.404999999990423,81,4232,0.01,,4.754430028697243e-05
670,670,0.404999999990423,81,4152,0.01,,5.048996627010638e-05
671,671,0.404999999990423,81,4119,0.01,,4.427990825206507e-05
672,672,0.404999999990423,81,4132,0.01,,4.34699882134737e-05
673,673,0.404999999990423,81,4296,0.01,,5.225582754064817e-05
674,674,0.404999999990423,81,4310,0.01,,4.729534293801407e-05
675,675,0.404999999990423,81,4297,0.01,,4.301394437788986e-05
676,676,0.404999999990423,81,4292,0.01,,4.592389905155869e-05
677,677,0.404999999990423,81,4112,0.01,,4.8140591843548464e-05
678,678,0.404999999990423,81,4121,0.01,,3.668676617962774e-05
679,679,0.404999999990423,81,4218,0.01,,4.3948016809736146e-05
680,680,0.404999999990423,81,4192,0.01,,4.394007919472642e-05
681,681,0.404999999990423,81,4371,0.01,,5.8500720115262084e-05
682,682,0.404999999990423,81,4112,0.01,,4.175203048362164e-05
683,683,0.404999999990423,81,4143,0.01,,4.5017667616775725e-05
684,684,0.404999999990423,81,4340,0.01,,3.9860443848738214e-05
685,685,0.404999999990423,81,4094,0.01,,4.069253782290616e-05
686,686,0.404999999990423,81,4228,0.01,,3.5884175304090604e-05
687,687,0.404999999990423,81,4292,0.01,,4.373750880404259e-05
688,688,0.404999999990423,81,4292,0.01,,3.8235214560700115e-05
689,689,0.404999999990423,81,4292,0.01,,4.184046974842204e-05
690,690,0.404999999990423,81,4127,0.01,,4.15780032199109e-05
691,691,0.404999999990423,81,4266,0.01,,4.464786206881399e-05
692,692,0.404999999990423,81,4234,0.01,,4.2774633584485855e-05
693,693,0.404999999990423,81,4121,0.01,,3.9553743590658996e-05
694,694,0.404999999990423,81,4292,0.01,,3.961929542128928e-05
695,695,0.404999999990423,81,4295,0.01,,3.7851688375667436e-05
696,696,0.404999999990423,81,4121,0.01,,3.829807974398136e-05
697,697,0.404999999990423,81,4121,0.01,,3.9698473301541526e-05
698,698,0.404999999990423,81,4121,0.01,,4.170118927504518e-05
699,699,0.404999999990423,81,4104,0.01,,3.573117282940075e-05
700,700,0.404999999990423,81,4121,0.01,,4.103122500964673e-05
701,701,0.404999999990423,81,4115,0.01,,3.882182045344962e-05
702,702,0.404999999990423,81,4121,0.01,,3.84125469281571e-05
703,703,0.404999999990423,81,4121,0.01,,3.794281246882747e-05
704,704,0.404999999990423,81,4121,0.01,,3.744145624295925e-05
705,705,0.404999999990423,81,4121,0.01,,3.3757734854589216e-05
706,706,0.404999999990423,81,4121,0.01,,4.093887491762871e-05
707,707,0.404999999990423,81,4121,0.01,,3.993768132204423e-05
708,708,0.404999999990423,81,4194,0.01,,3.558735579645145e-05
709,709,0.404999999990423,81,4121,0.01,,3.527442640915979e-05
710,710,0.404999999990423,81,4270,0.01,,3.7290456020855345e-05
711,711,0.404999999990423,81,4159,0.01,,3.746158245121478e-05
712,712,0.404999999990423,81,4272,0.01,,3.9659572848904645e-05
713,713,0.404999999990423,81,4121,0.01,,3.7645526845153654e-05
714,714,0.404999999990423,81,4121,0.01,,3.41450850100955e-05
715,715,0.404999999990423,81,4121,0.01,,3.254548073527985e-05
716,716,0.404999999990423,81,4121,0.01,,3.946128981624497e-05
717,717,0.404999999990423,81,4121,0.01,,4.064578206453007e-05
718,718,0.404999999990423,81,4188,0.01,,4.209503822494298e-05
719,719,0.404999999990423,81,4121,0.01,,3.406807354622288e-05
720,720,0.404999999990423,81,4121,0.01,,4.020166761620203e-05
721,721,0.404999999990423,81,4121,0.01,,3.614288380049402e-05
722,722,0.404999999990423,81,4175,0.01,,3.415975652387715e-05
723,723,0.404999999990423,81,4121,0.01,,3.3749988688214216e-05
724,724,0.404999999990423,81,4121,0.01,,2.97367050734465e-05
725,725,0.404999999990423,81,4159,0.01,,3.799437217821833e-05
726,726,0.404999999990423,81,4121,0.01,,3.147118195556686e-05
727,727,0.404999999990423,81,4121,0.01,,4.121943129575811e-05
728,728,0.404999999990423,81,4145,0.01,,3.605766642067465e-05
729,729,0.404999999990423,81,4121,0.01,,3.423610041863867e-05
730,730,0.404999999990423,81,4201,0.01,,3.524264866427984e-05
731,731,0.404999999990423,81,4121,0.01,,3.1190075333142886e-05
732,732,0.404999999990423,81,4121,0.01,,3.523534769556136e-05
733,733,0.404999999990423,81,4147,0.01,,3.81475874746684e-05
734,734,0.404999999990423,81,4104,0.01,,3.0378453175217146e-05
735,735,0.404999999990423,81,4121,0.01,,3.121352983725956e-05
736,736,0.404999999990423,81,4121,0.01,,2.7851458526129136e-05
737,737,0.404999999990423,81,4121,0.01,,2.8228982500877464e-05
738,738,0.404999999990423,81,4121,0.01,,2.9725345939368708e-05
739,739,0.404999999990423,81,4121,0.01,,3.197864498361014e-05
740,740,0.404999999990423,81,4121,0.01,,3.2572989312029677e-05
741,741,0.404999999990423,81,4121,0.01,,2.6011069166997913e-05
742,742,0.404999999990423,81,4121,0.01,,3.185885816492373e-05
743,743,0.404999999990423,81,4121,0.01,,3.378450946911471e-05
744,744,0.404999999990423,81,4121,0.01,,2.9083106710459106e-05
745,745,0.404999999990423,81,4121,0.01,,3.245603056711843e-05
746,746,0.404999999990423,81,4121,0.01,,3.185363402735675e-05
747,747,0.404999999990423,81,4121,0.01,,3.002362973347772e-05
748,748,0.404999999990423,81,4121,0.01,,3.0337788302858826e-05
749,749,0.404999999990423,81,4121,0.01,,2.7305004095978802e-05
750,750,0.404999999990423,81,4121,0.01,,2.7267420136922738e-05
751,751,0.404999999990423,81,4089,0.01,,2.5535609438520623e-05
752,752,0.404999999990423,81,4121,0.01,,3.028000264748698e-05
753,753,0.404999999990423,81,4121,0.01,,2.6320988126826705e-05
754,754,0.404999999990423,81,4121,0.01,,2.7983443942503072e-05
755,755,0.404999999990423,81,4121,0.01,,2.6720621008280432e-05
756,756,0.404999999990423,81,4121,0.01,,2.6478276822672342e-05
757,757,0.404999999990423,81,4121,0.01,,2.830775565598742e-05
758,758,0.404999999990423,81,4121,0.01,,2.723604166021687e-05
759,759,0.404999999990423,81,4121,0.01,,2.6575063202471938e-05
760,760,0.404999999990423,81,4154,0.01,,3.259710638303659e-05
761,761,0.404999999990423,81,4121,0.01,,2.6915764010482235e-05
762,762,0.404999999990423,81,4272,0.01,,2.596583181002643e-05
763,763,0.404999999990423,81,4121,0.01,,2.558547021180857e-05
764,764,0.404999999990423,81,4121,0.01,,2.2109549263404915e-05
765,765,0.404999999990423,81,4121,0.01,,2.6209219640804804e-05
766,766,0.404999999990423,81,4156,0.01,,2.5018006908794632e-05
767,767,0.404999999990423,81,4121,0.01,,2.9165981231926708e-05
768,768,0.404999999990423,81,4121,0.01,,2.442880077069276e-05
769,769,0.404999999990423,81,4121,0.01,,2.532354210416088e-05
770,770,0.404999999990423,81,4121,0.01,,2.7506973765412113e-05
771,771,0.404999999990423,81,4121,0.01,,2.425090087854187e-05
772,772,0.404999999990423,81,4121,0.01,,2.6892092364505515e-05
773,773,0.404999999990423,81,4121,0.01,,3.155923513986636e-05
774,774,0.404999999990423,81,4152,0.01,,2.5797697162488475e-05
775,775,0.404999999990423,81,4071,0.01,,2.3748036028337083e-05
776,776,0.404999999990423,81,4091,0.01,,2.2890562831889838e-05
777,777,0.404999999990423,81,4131,0.01,,2.554104298724269e-05
778,778,0.404999999990423,81,4121,0.01,,2.2774902845412726e-05
779,779,0.404999999990423,81,4121,0.01,,2.1868801240998437e-05
780,780,0.404999999990423,81,4121,0.01,,2.233326131317881e-05
781,781,0.404999999990423,81,4121,0.01,,2.0169700974292937e-05
782,782,0.404999999990423,81,4148,0.01,,2.255452659483126e-05
783,783,0.404999999990423,81,4198,0.01,,2.4809974092931952e-05
784,784,0.404999999990423,81,4121,0.01,,2.3243039549925015e-05
785,785,0.404999999990423,81,4121,0.01,,2.5297473030150286e-05
786,786,0.404999999990423,81,4121,0.01,,2.332254530301725e-05
787,787,0.404999999990423,81,4121,0.01,,2.098973618558375e-05
788,788,0.404999999990423,81,4121,0.01,,1.8892734942710376e-05
789,789,0.404999999990423,81,4121,0.01,,2.0426349010449485e-05
790,790,0.404999999990423,81,4113,0.01,,2.0204839302095934e-05
791,791,0.404999999990423,81,4121,0.01,,2.3265851950782235e-05
792,792,0.404999999990423,81,4121,0.01,,2.17797021377919e-05
793,793,0.404999999990423,81,4121,0.01,,2.142564176210726e-05
794,794,0.404999999990423,81,4121,0.01,,2.393939348621643e-05
795,795,0.404999999990423,81,4121,0.01,,2.1360717255447526e-05
796,796,0.404999999990423,81,4121,0.01,,2.0957811329935794e-05
797,797,0.404999999990423,81,4121,0.01,,2.0966047486581374e-05
798,798,0.404999999990423,81,4121,0.01,,2.1227361457931693e-05
799,799,0.404999999990423,81,4104,0.01,,1.856717608461622e-05
800,800,0.404999999990423,81,4121,0.01,,2.0213842844896135e-05
801,801,0.404999999990423,81,4121,0.01,,2.6498860506762867e-05
802,802,0.404999999990423,81,4262,0.01,,2.0973311620764434e-05
803,803,0.404999999990423,81,4152,0.01,,1.7339267742499942e-05
804,804,0.404999999990423,81,4210,0.01,,1.999250093831506e-05
805,805,0.404999999990423,81,4121,0.01,,2.374107293690031e-05
806,806,0.404999999990423,81,4123,0.01,,2.052033414656762e-05
807,807,0.404999999990423,81,4439,0.01,,2.071437711492763e-05
808,808,0.404999999990423,81,4120,0.01,,1.725139441077772e-05
809,809,0.404999999990423,81,4121,0.01,,1.5440627748830593e-05
810,810,0.404999999990423,81,4121,0.01,,1.8208500932814786e-05
811,811,0.404999999990423,81,4378,0.01,,1.9166549009241862e-05
812,812,0.404999999990423,81,4121,0.01,,2.466080900376255e-05
813,813,0.404999999990423,81,4123,0.01,,1.7811329598771408e-05
814,814,0.404999999990423,81,4121,0.01,,1.7357883962176857e-05
815,815,0.404999999990423,81,4121,0.01,,2.1757269678346347e-05
816,816,0.404999999990423,81,4165,0.01,,1.7789758203434758e-05
817,817,0.404999999990423,81,4121,0.01,,2.0228464336469187e-05
818,818,0.404999999990423,81,4121,0.01,,1.777805550773337e-05
819,819,0.404999999990423,81,4121,0.01,,1.6043865798565093e-05
820,820,0.404999999990423,81,4121,0.01,,1.9922768615288078e-05
821,821,0.404999999990423,81,4121,0.01,,1.6572060758335283e-05
822,822,0.404999999990423,81,4121,0.01,,2.0785301785508636e-05
823,823,0.404999999990423,81,4121,0.01,,1.8930739770439686e-05
824,824,0.404999999990423,81,4121,0.01,,1.580031221237732e-05
825,825,0.404999999990423,81,4121,0.01,,1.8621426534082275e-05
826,826,0.404999999990423,81,4161,0.01,,1.5990935935406014e-05
827,827,0.404999999990423,81,4121,0.01,,1.6545263406442245e-05
828,828,0.404999999990423,81,4121,0.01,,1.6044435596995754e-05
829,829,0.404999999990423,81,4121,0.01,,1.6912491901166504e-05
830,830,0.404999999990423,81,4194,0.01,,1.9703036741702817e-05
831,831,0.404999999990423,81,4121,0.01,,1.874932240752969e-05
832,832,0.404999999990423,81,4121,0.01,,1.8329360955249285e-05
833,833,0.404999999990423,81,4121,0.01,,1.7702921923046233e-05
834,834,0.404999999990423,81,4293,0.01,,1.6280532463497366e-05
835,835,0.404999999990423,81,4121,0.01,,1.726631739984441e-05
836,836,0.404999999990423,81,4104,0.01,,1.785384915820032e-05
837,837,0.404999999990423,81,4121,0.01,,1.783523566700751e-05
838,838,0.404999999990423,81,4121,0.01,,1.9900146526197204e-05
839,839,0.404999999990423,81,4140,0.01,,1.4809243111812975e-05
840,840,0.404999999990423,81,4121,0.01,,1.6745720131439157e-05
841,841,0.404999999990423,81,4108,0.01,,1.482870857216767e-05
842,842,0.404999999990423,81,4121,0.01,,1.6944119806794333e-05
843,843,0.404999999990423,81,4121,0.01,,1.4044180488781421e-05
844,844,0.404999999990423,81,4294,0.01,,1.784940423021908e-05
845,845,0.404999999990423,81,4121,0.01,,1.6360497966161347e-05
846,846,0.404999999990423,81,4161,0.01,,1.4058881106393528e-05
847,847,0.404999999990423,81,4121,0.01,,1.7463932636019308e-05
848,848,0.404999999990423,81,4121,0.01,,1.3819404557580128e-05
849,849,0.404999999990423,81,4121,0.01,,1.8334835885980283e-05
850,850,0.404999999990423,81,4115,0.01,,1.615587257219886e-05
851,851,0.404999999990423,81,4118,0.01,,1.4213665963325184e-05
852,852,0.404999999990423,81,4121,0.01,,1.617666657693917e-05
853,853,0.404999999990423,81,4121,0.01,,1.4038469998922665e-05
854,854,0.404999999990423,81,4350,0.01,,1.277029969060095e-05
855,855,0.404999999990423,81,4121,0.01,,1.3288586615090026e-05
856,856,0.404999999990423,81,4121,0.01,,1.1918155223611393e-05
857,857,0.404999999990423,81,4121,0.01,,1.3646864999827812e-05
858,858,0.404999999990423,81,4121,0.01,,1.4080005257710582e-05
859,859,0.404999999990423,81,4121,0.01,,1.4279824199547875e-05
860,860,0.404999999990423,81,4121,0.01,,1.5757616893097293e-05
861,861,0.404999999990423,81,4121,0.01,,1.4339945664687548e-05
862,862,0.404999999990423,81,4121,0.01,,1.4379265621755621e-05
863,863,0.404999999990423,81,4121,0.01,,1.4459070371231064e-05
864,864,0.404999999990423,81,4121,0.01,,1.446444912289735e-05
865,865,0.404999999990423,81,4121,0.01,,1.5913147763058078e-05
866,866,0.404999999990423,81,4121,0.01,,1.7420529957234976e-05
867,867,0.404999999990423,81,4121,0.01,,1.3537519407691434e-05
868,868,0.404999999990423,81,4121,0.01,,1.230607153956953e-05
869,869,0.404999999990423,81,4061,0.01,,1.3448653362502228e-05
870,870,0.404999999990423,81,4140,0.01,,1.5489058114326326e-05
871,871,0.404999999990423,81,4121,0.01,,1.680654759184108e-05
872,872,0.404999999990423,81,4180,0.01,,1.2531056086118042e-05
873,873,0.404999999990423,81,4185,0.01,,9.275153388443869e-06
874,874,0.404999999990423,81,4121,0.01,,1.5252203638738138e-05
875,875,0.404999999990423,81,4121,0.01,,1.3828971759721753e-05
876,876,0.404999999990423,81,4121,0.01,,1.3843674423696939e-05
877,877,0.404999999990423,81,4121,0.01,,1.4420398429138004e-05
878,878,0.404999999990423,81,4121,0.01,,1.1486777793834335e-05
879,879,0.404999999990423,81,4121,0.01,,1.3144190461389371e-05
880,880,0.404999999990423,81,4121,0.01,,1.5213490996757173e-05
881,881,0.404999999990423,81,4121,0.01,,1.0919242185991607e-05
882,882,0.404999999990423,81,4121,0.01,,1.3069818464828131e-05
883,883,0.404999999990423,81,4109,0.01,,1.321485410699097e-05
884,884,0.404999999990423,81,4185,0.01,,1.4139764061837923e-05
885,885,0.404999999990423,81,4156,0.01,,1.299450343594799e-05
886,886,0.404999999990423,81,4121,0.01,,1.1959622725044028e-05
887,887,0.404999999990423,81,4121,0.01,,1.3631359024657286e-05
888,888,0.404999999990423,81,4121,0.01,,1.3137836958776461e-05
889,889,0.404999999990423,81,4121,0.01,,1.1149637884955155e-05
890,890,0.404999999990423,81,4263,0.01,,1.606568230272387e-05
891,891,0.404999999990423,81,4121,0.01,,1.43496422424505e-05
892,892,0.404999999990423,81,4250,0.01,,9.964345963453525e-06
893,893,0.404999999990423,81,4121,0.01,,1.183256733838789e-05
894,894,0.404999999990423,81,4121,0.01,,1.2360760365481838e-05
895,895,0.404999999990423,81,4121,0.01,,1.0517817372601712e-05
896,896,0.404999999990423,81,4121,0.01,,1.2010978252874338e-05
897,897,0.404999999990423,81,4121,0.01,,1.1037064041374833e-05
898,898,0.404999999990423,81,4121,0.01,,1.048552599058894e-05
899,899,0.404999999990423,81,4121,0.01,,1.194100514112506e-05
900,900,0.404999999990423,81,4121,0.01,,9.414194437340484e-06
901,901,0.404999999990423,81,4121,0.01,,1.1397836487958557e-05
902,902,0.404999999990423,81,4121,0.01,,1.1557065590750426e-05
903,903,0.404999999990423,81,4155,0.01,,1.0772011364679202e-05
904,904,0.404999999990423,81,4121,0.01,,1.1123349622721435e-05
905,905,0.404999999990423,81,4121,0.01,,1.1102731264145405e-05
906,906,0.404999999990423,81,4121,0.01,,1.0662368936209532e-05
907,907,0.404999999990423,81,4121,0.01,,1.126438405663066e-05
908,908,0.404999999990423,81,4121,0.01,,9.866966820482048e-06
909,909,0.404999999990423,81,4121,0.01,,1.0160544093196222e-05
910,910,0.404999999990423,81,4121,0.01,,1.0160929605262936e-05
911,911,0.404999999990423,81,4121,0.01,,1.0371650432716706e-05
912,912,0.404999999990423,81,4121,0.01,,1.0481305253051687e-05
913,913,0.404999999990423,81,4121,0.01,,1.065491028384713e-05
914,914,0.404999999990423,81,4121,0.01,,9.778259936865652e-06
915,915,0.404999999990423,81,4133,0.01,,1.0047899422716e-05
916,916,0.404999999990423,81,4086,0.01,,9.390536661157967e-06
917,917,0.404999999990423,81,4121,0.01,,1.3062546599940106e-05
918,918,0.404999999990423,81,4121,0.01,,1.1025821549992543e-05
919,919,0.404999999990423,81,4121,0.01,,1.0444338613524451e-05
920,920,0.404999999990423,81,4121,0.01,,1.0333364343750873e-05
921,921,0.404999999990423,81,4148,0.01,,1.1648568715827423e-05
922,922,0.404999999990423,81,4318,0.01,,1.3323804182618915e-05
923,923,0.404999999990423,81,4123,0.01,,1.1745695928766509e-05
924,924,0.404999999990423,81,4178,0.01,,1.297963581237127e-05
925,925,0.404999999990423,81,4121,0.01,,1.0476650231794338e-05
926,926,0.404999999990423,81,4417,0.01,,1.0410449249320664e-05
927,927,0.404999999990423,81,4121,0.01,,1.1148988619424927e-05
928,928,0.404999999990423,81,4121,0.01,,1.0936811804640456e-05
929,929,0.404999999990423,81,4161,0.01,,1.118942532229994e-05
930,930,0.404999999990423,81,4181,0.01,,1.0890183148148935e-05
931,931,0.404999999990423,81,4121,0.01,,1.0327301197321503e-05
932,932,0.404999999990423,81,4121,0.01,,1.2073819107172312e-05
933,933,0.404999999990423,81,4183,0.01,,1.016647956930683e-05
934,934,0.404999999990423,81,4112,0.01,,1.0271710152665037e-05
935,935,0.404999999990423,81,4083,0.01,,1.530729741716641e-05
936,936,0.404999999990423,81,4112,0.01,,1.243546557816444e-05
937,937,0.404999999990423,81,4123,0.01,,1.3042201544521959e-05
938,938,0.404999999990423,81,4157,0.01,,1.2021550446661422e-05
939,939,0.404999999990423,81,4132,0.01,,1.2686972240771865e-05
940,940,0.404999999990423,81,4112,0.01,,1.0957931863231352e-05
941,941,0.404999999990423,81,4112,0.01,,9.61400724008854e-06
942,942,0.404999999990423,81,4124,0.01,,9.954356073649251e-06
943,943,0.404999999990423,81,4293,0.01,,1.0985883363900939e-05
944,944,0.404999999990423,81,4195,0.01,,1.048544163495535e-05
945,945,0.404999999990423,81,4212,0.01,,1.0588246368570253e-05
946,946,0.404999999990423,81,4079,0.01,,1.0435714330014889e-05
947,947,0.404999999990423,81,4313,0.01,,1.146011504715716e-05
948,948,0.404999999990423,81,4274,0.01,,1.1261558938713279e-05
949,949,0.404999999990423,81,4172,0.01,,1.0473574548086617e-05
950,950,0.404999999990423,81,4250,0.01,,8.95641574061301e-06
951,951,0.404999999990423,81,4317,0.01,,1.0655906407919247e-05
952,952,0.404999999990423,81,4205,0.01,,1.0305319165127003e-05
953,953,0.404999999990423,81,4215,0.01,,1.441625954612391e-05
954,954,0.404999999990423,81,4112,0.01,,9.056275530383573e-06
955,955,0.404999999990423,81,4252,0.01,,9.292137178817939e-06
956,956,0.404999999990423,81,4194,0.01,,9.688002705843246e-06
957,957,0.404999999990423,81,4103,0.01,,8.55042503644654e-06
958,958,0.404999999990423,81,4214,0.01,,9.164136599792982e-06
959,959,0.404999999990423,81,4117,0.01,,9.205871720041614e-06
960,960,0.404999999990423,81,4112,0.01,,9.693134302324324e-06
961,961,0.404999999990423,81,4175,0.01,,8.668541795486817e-06
962,962,0.404999999990423,81,4336,0.01,,8.902346735339961e-06
963,963,0.404999999990423,81,4148,0.01,,9.839326367000467e-06
964,964,0.404999999990423,81,4217,0.01,,9.438856295673759e-06
965,965,0.404999999990423,81,4118,0.01,,9.698227927401604e-06
966,966,0.404999999990423,81,4315,0.01,,1.0137560821021907e-05
967,967,0.404999999990423,81,4112,0.01,,9.419087291462347e-06
968,968,0.404999999990423,81,4114,0.01,,9.20064758247463e-06
969,969,0.404999999990423,81,4112,0.01,,7.793411100465164e-06
970,970,0.404999999990423,81,4244,0.01,,8.218310199481493e-06
971,971,0.404999999990423,81,4254,0.01,,8.372231832254329e-06
972,972,0.404999999990423,81,4314,0.01,,8.084180421974452e-06
973,973,0.404999999990423,81,4132,0.01,,8.146548452714342e-06
974,974,0.404999999990423,81,4132,0.01,,8.49748573727993e-06
975,975,0.404999999990423,81,4232,0.01,,8.38358710097964e-06
976,976,0.404999999990423,81,4112,0.01,,7.95712116996583e-06
977,977,0.404999999990423,81,4112,0.01,,8.173616834028508e-06
978,978,0.404999999990423,81,4112,0.01,,7.885024388087913e-06
979,979,0.404999999990423,81,4112,0.01,,7.898027206465486e-06
980,980,0.404999999990423,81,4112,0.01,,8.245036610787793e-06
981,981,0.404999999990423,81,4296,0.01,,7.054844218146172e-06
982,982,0.404999999990423,81,4121,0.01,,8.408886969846208e-06
983,983,0.404999999990423,81,4121,0.01,,9.249340791939176e-06
984,984,0.404999999990423,81,4121,0.01,,7.302949029508454e-06
985,985,0.404999999990423,81,4121,0.01,,6.75031924401992e-06
986,986,0.404999999990423,81,4303,0.01,,8.060807999754616e-06
987,987,0.404999999990423,81,4131,0.01,,8.807447557046544e-06
988,988,0.404999999990423,81,4121,0.01,,7.06856030774361e-06
989,989,0.404999999990423,81,4293,0.01,,7.984227181623282e-06
990,990,0.404999999990423,81,4121,0.01,,6.690686404908774e-06
991,991,0.404999999990423,81,4121,0.01,,6.877535270177759e-06
992,992,0.404999999990423,81,4121,0.01,,7.433377277266118e-06
993,993,0.404999999990423,81,4121,0.01,,9.08935908228159e-06
994,994,0.404999999990423,81,4121,0.01,,6.676663815596839e-06
995,995,0.404999999990423,81,4121,0.01,,7.075914709275821e-06
996,996,0.404999999990423,81,4089,0.01,,6.296801075222902e-06
997,997,0.404999999990423,81,4177,0.01,,6.903154599058325e-06
998,998,0.404999999990423,81,4121,0.01,,7.039519914542325e-06
999,999,0.404999999990423,81,4121,0.01,,6.585394885405549e-06
